id,dishId,ingredientId,preparationId,quantity,unit,lineCost
dc_bb_06,dish_brisket_bagel_01,,cmn8ccfh400k716qz9x39lptb,25,g,0.2785
cmna3kqyu00ol15pi4kje9jpm,cmn8ccfro00nr16qzpq9ddlyl,cmn8cccvm002p16qzvyrwgznl,,45,g,0.383
cmna3kqyz00on15pifvcvsl0v,cmn8ccfro00nr16qzpq9ddlyl,cmn8ccel900cw16qznsxhjbld,,10,g,0.1811
cmna3kqyw00om15piezho2le1,cmn8ccfro00nr16qzpq9ddlyl,cmn8ccd5r003j16qzn0kldfg2,,45,g,0.4191
cmna3kqz800os15pi38ssw2jg,cmn8ccfro00nr16qzpq9ddlyl,cmn8ccelx00d316qzga3ud0gz,,30,g,0.3555
cmna3kqz700or15pitzrcg7dc,cmn8ccfro00nr16qzpq9ddlyl,cmn8cccs8002a16qzghwvjrwi,,30,g,0.348
cmna3kqz300op15pie4h74c79,cmn8ccfro00nr16qzpq9ddlyl,cmn8cce60009h16qzmb90kuwm,,15,g,0.276
cmqafvukt000wujq0st9tfx7a,cmqafvujv000qujq0mzx3238e,cmqafvsam0002ujq0seoo7iwk,,20,g,0.685
cmqafvukt000vujq0hhbzh7ik,cmqafvujv000qujq0mzx3238e,cmn8cccgz001f16qzu0k0bce2,,1,ea,0.12
cmna3kqxd00o715piy25et9h6,cmn8ccfrq00ns16qzkyqm9chb,cmn8cceyy00f916qzqazux2qq,,90,g,0.8175
cmna3kqwm00o315piklftynu3,cmn8ccfr500ni16qz3bsrkuza,cmn8cce0g008316qz78j5f2et,,30,ml,0.393
cmna3kqwa00o115pi4kx7cq4y,cmn8ccfr500ni16qz3bsrkuza,cmn8ccdsf006f16qzg149fkb9,,1,ea,0.25
cmna3kqy700oi15pife4pqcft,cmn8ccfov00n016qzhbbon2k3,cmn8ccco1001x16qz7hjf7hz7,,180,g,3.6
cmna3kqy200og15piecaskad4,cmn8ccfov00n016qzhbbon2k3,,cmn8ccfig00kj16qzauax8p61,35,g,0.2821
cmna3kqwf00o215pifac70suz,cmn8ccfr500ni16qz3bsrkuza,cmn8ccej500cp16qz3w9wf4la,,130,g,1.4495
cmna3kqxy00oe15pid9yjqtp2,cmn8ccfov00n016qzhbbon2k3,cmn8cce8a00a516qzurdw3hht,,1,ea,1.1
dc_bb_04,dish_brisket_bagel_01,,cmn8ccfig00kj16qzauax8p61,80,g,0.6448
dc_bb_08,dish_brisket_bagel_01,,cmn8ccfmt00m416qz6k2vj5gt,130,g,1.4708
dc_bb_01,dish_brisket_bagel_01,cmn8cccgz001f16qzu0k0bce2,,1,ea,0.12
cmna3kqxl00ob15pixwo8vuph,cmn8ccfrq00ns16qzkyqm9chb,cmn8ccf9m00hi16qzar452735,,25,g,0.2963
dc_bb_05,dish_brisket_bagel_01,,cmn8ccfd200il16qzn5x0bm3e,30,g,0.2412
cmna3kqxg00o815pib9vf30mo,cmn8ccfrq00ns16qzkyqm9chb,cmn8cccb7001016qzfxi0v3t7,,80,g,0.648
cmq4p1yp7000m0vq08bpafm9h,cmq4p1yod000k0vq0nyy47at6,cmn8ccdh1004k16qzk2z4pxti,,10,g,0.3596
cmqafvukt000uujq0dpjgfvp7,cmqafvujv000qujq0mzx3238e,cmqafvs8q0001ujq0lhvwknbz,,20,ml,0.27
cmqafvukt000tujq0hlby6tkp,cmqafvujv000qujq0mzx3238e,,cmqafvsts000aujq0jvjxdydb,50,g,0.057
dc_lemonade_01,cmn8ccfr000nf16qz5fut1sq8,,prep_lemonade_01,1,serve,1.3648
cmna3kqys00ok15pi6qfm3k7h,cmn8ccfro00nr16qzpq9ddlyl,,cmn8ccfn100m716qz6yalaknp,1,serve,2.6032
cmna3kqww00o515piwvcyxan6,cmn8ccfr500ni16qz3bsrkuza,,cmn8ccfmt00m416qz6k2vj5gt,80,g,0.9051
cmna3kqz200oo15piq45k1y7s,cmn8ccfro00nr16qzpq9ddlyl,cmn8ccc6u000p16qzmhih4oee,,25,g,0.4295
cmqafvukt000rujq0gorp59uu,cmqafvujv000qujq0mzx3238e,,cmqafvt7o000fujq0u9zjefn2,355,g,2.6706
cmna3kqxi00o915pih324z21o,cmn8ccfrq00ns16qzkyqm9chb,cmn8ccfc100i916qzqr6itw70,,55,g,0.2779
cmna3kqx100o615pizsjllv9i,cmn8ccfr500ni16qz3bsrkuza,cmn8cccgm001e16qzve6vs21e,,50,g,0.775
cmna3kqyc00oj15pij00pdr0a,cmn8ccfov00n016qzhbbon2k3,cmn8ccc46000j16qz60l0s9jv,,20,g,0.52
cmna3kqy500oh15pihicuoo0z,cmn8ccfov00n016qzhbbon2k3,cmn8ccf8s00hg16qzh8n7pnm9,,0.15,ea,0.315
dc_bs_01,dish_brisket_side_01,cmn8cccmw001t16qz8syvvooc,,70,g,4.1364
cmna3kqz500oq15pi8bdvjxcm,cmn8ccfro00nr16qzpq9ddlyl,,cmn8ccffq00jk16qzgmoi7eg1,1,serve,0.4148
cmna3kr7h00rr15pi7jzcazqr,cmn8ccfr700nj16qzw0ntm2jv,,cmn8ccflr00lr16qzsh8vckiz,1,serve,0.5202
dc_bb_03,dish_brisket_bagel_01,cmn8cceno00df16qz7xpq0rto,,35,g,0.6743
cmna3kqws00o415pib5rszriq,cmn8ccfr500ni16qz3bsrkuza,cmn8ccep300ds16qzz6v1hdst,,10,g,0.1533
cmna3kqxz00of15pi2ehpwysb,cmn8ccfov00n016qzhbbon2k3,,cmn8ccfik00kk16qzhoajtewa,30,g,0.337
dc_bb_07,dish_brisket_bagel_01,cmn8ccer200e616qzwbqhl3tt,,15,g,0.2007
dc_bb_02,dish_brisket_bagel_01,cmn8cccmw001t16qz8syvvooc,,70,g,4.1364
cmna3kr9k00si15pi8zt5oxg1,cmn8ccfqp00n916qz7a4290bp,,cmn8ccfk100kx16qzhd30scvq,70,g,0.9506
cmqafvukt000sujq03a6kifa1,cmqafvujv000qujq0mzx3238e,cmn8ccf7g00h716qzb94onjnt,,177,ml,0.7275
cmq4p1yp7000n0vq0o4wwkwkz,cmq4p1yod000k0vq0nyy47at6,cmn8ccetf00ei16qzsocqx65i,,0.5,g,0.014
cmq4p1yp7000l0vq0z4aeykik,cmq4p1yod000k0vq0nyy47at6,,cmq4p1yia00060vq0zblmf5od,120,g,1.6229
cmna3kqxn00oc15pilirwo4rb,cmn8ccfrq00ns16qzkyqm9chb,,cmn8ccfjf00kq16qzldg6xe79,30,ml,0.2256
dc_bec_03,dish_bec_bagel_01,cmn8cceno00df16qz7xpq0rto,,35,g,0.6743
dc_bec_07,dish_bec_bagel_01,cmn8ccer200e616qzwbqhl3tt,,15,g,0.2007
dc_bec_04,dish_bec_bagel_01,,cmn8ccfig00kj16qzauax8p61,80,g,0.6448
dc_bec_01,dish_bec_bagel_01,cmn8cccgz001f16qzu0k0bce2,,1,ea,0.12
dc_bec_05,dish_bec_bagel_01,,cmn8ccfd200il16qzn5x0bm3e,30,g,0.2412
cmna3kr0z00pe15piboknp6b9,cmn8ccfrf00nl16qzfzwazi7y,cmn8ccez300fa16qz1mdo57w2,,120,g,1.3429
cmna3kr4b00qh15pirsdkotu6,cmn8ccfp600n416qz1vaumjh1,cmn8ccez300fa16qz1mdo57w2,,160,g,1.7905
cmna3kr0q00pb15pi41mvj8ih,cmn8ccfrf00nl16qzfzwazi7y,cmn8ccchi001g16qzwmxu3fge,,5,g,0.15
cmna3kr0o00pa15pivmbtmot7,cmn8ccfrf00nl16qzfzwazi7y,cmn8ccefj00bs16qz8zblg4jz,,1,ea,10.8333
dc_bec_06,dish_bec_bagel_01,,cmn8ccfh400k716qz9x39lptb,25,g,0.2785
cmna3kr4400qe15pi3h8jjfnz,cmn8ccfp600n416qz1vaumjh1,cmn8ccddt004616qzm9spi10w,,10,g,0.0375
cmna3kr2700pu15pi1gi0tpyw,cmn8czr2w000001pi0eainhs6,cmn8ccf0g00fk16qznvs8a17l,,5,ea,1.175
cmna3kr4t00qm15piu7jzhibh,cmn8ccfqm00n816qzsrgenv3k,,cmn8ccffs00jl16qzp7ordld9,50,g,0.6896
cmna3kr4200qd15pidxkhy3sq,cmn8ccfp600n416qz1vaumjh1,cmn8ccddo004516qzxiydaj8t,,140,g,1.6211
cmna3kr2g00py15pipsl6dg93,cmn8czr2w000001pi0eainhs6,cmimp0019d2eb389620003,,115,g,7.0541
cmna3kr1s00po15pion3ioe9z,cmn8ddmwn000301piyejj8eqn,,cmn8ccfgr00k116qzcde38a3o,25,ml,0.2559
cmna3kr4800qg15piwzt2fiq4,cmn8ccfp600n416qz1vaumjh1,cmn8cce8z00ab16qzv0cloyz3,,65,g,0.728
cmna3kr4k00qj15pi4u7cy5h0,cmn8ccfqm00n816qzsrgenv3k,cmn8ccczb002y16qzs1qfnjvq,,1,ea,5.125
cmna3kr4m00qk15pim02o7t9y,cmn8ccfqm00n816qzsrgenv3k,cmn8ccf5e00gm16qzxinaxdvg,,250,g,3.5
cmna3kr1o00pm15piwunhqi28,cmn8ddmwn000301piyejj8eqn,,,105,g,0
cmna3kr1z00pq15pismpa4di0,cmn8czr2w000001pi0eainhs6,cmn8ccdmc005e16qzvbhe41yc,,30,g,0.21
cmna3kr1m00pl15pif8e7gtan,cmn8ddmwn000301piyejj8eqn,,cmn8ccfkj00l516qzk8s75qd3,10,g,0.108
cmna3kr4w00qo15pixf50ly4x,cmn8ccfqm00n816qzsrgenv3k,cmn8ccf3400g616qzc5i2k5g2,,2,g,0.0019
cmna3kr2a00pw15pi23r5wc6v,cmn8czr2w000001pi0eainhs6,cmn8cce48009516qz3g94a1yo,,1,g,0.0167
cmna3kr2500ps15pi84hs31az,cmn8czr2w000001pi0eainhs6,,cmn8ccfjk00ks16qzb53yw876,60,g,0.4956
cmna3kr1u00pp15pizi7hlx9a,cmn8ddmwn000301piyejj8eqn,cmn8cccna001v16qzmqwkmj18,,140,g,7.7778
cmna3kr2300pr15pi3ihidld9,cmn8czr2w000001pi0eainhs6,cmn8ccd6u003n16qzz9ncqdlj,,20,g,0.1667
cmna3kr2900pv15pi97kr35rr,cmn8czr2w000001pi0eainhs6,cmn8ccchi001g16qzwmxu3fge,,4,g,0.12
cmna3kr0v00pd15pix7nvzj8p,cmn8ccfrf00nl16qzfzwazi7y,cmn8ccdqh006216qzcwlqv2tn,,33,g,0.528
cmna3kr1200pf15pip610la31,cmn8ccfrf00nl16qzfzwazi7y,cmn8ccf3400g616qzc5i2k5g2,,1,g,0.0009
cmna3kr1q00pn15pihc4p25cd,cmn8ddmwn000301piyejj8eqn,,cmn8ccfeh00j416qzpyx4ce6f,15,g,0.4432
cmna3kr4v00qn15pi564i55pn,cmn8ccfqm00n816qzsrgenv3k,cmn8ccdff004e16qzt2kv6hfx,,20,ml,0.04
cmo5bszdg000t01qtbhs2hzof,cmo5bszd8000r01qt5vdyycg6,,cmo3psal7000a01qvnuajtnlx,80,g,0.616
cmo5bszdg000s01qtkjdjt712,cmo5bszd8000r01qt5vdyycg6,,cmo3kgr7p000101qvbzpu36lv,160,g,0.7114
cmo5bszdg000u01qtgs6uo5kj,cmo5bszd8000r01qt5vdyycg6,,cmo5bnmjv000k01qte0m3k4wv,15,g,0.0691
dc_bec_08,dish_bec_bagel_01,,cmn8ccfmt00m416qz6k2vj5gt,130,g,1.4708
cmna3kr5h00qw15piquag44wo,cmn8ccfrn00nq16qz34o0ek6b,cmn8ccdqh006216qzcwlqv2tn,,10,g,0.16
cmna3kr5i00qx15pi4gyrprxw,cmn8ccfrn00nq16qz34o0ek6b,cmn8ccera00e816qztm0b6xwy,,10,g,0.0425
cmna3kr6000r115pi12ex0h3j,cmn8ccfrn00nq16qz34o0ek6b,cmn8ccdq8006116qzvngx3xw3,,0.02,ea,0.068
cmna3kr8y00s815piz5qj1s1t,cmn8ccfrw00nv16qzf0qczrvs,cmn8ccez300fa16qz1mdo57w2,,90,g,1.0071
cmna3kr0t00pc15pia6hjc9qq,cmn8ccfrf00nl16qzfzwazi7y,cmn8ccebm00b216qz8sp7y9ri,,39,g,0.1489
cmnzh6bgx000b01p7jtxaeo0g,side_avo_01,,cmn8ccfcr00ih16qzhfxo2es6,100,g,1.306
cmna3kr9800se15pi7nlfmb2e,cmn8ccfrw00nv16qzf0qczrvs,cmn8ccdat003x16qzsoza7ull,,200,g,2.819
dc_bec_02,dish_bec_bagel_01,cmn8cccgm001e16qzve6vs21e,,100,g,1.55
dc_marg_01,cmn8ccfr200ng16qzg4dke6qw,,new_margarita_01,1,serve,5.56
dc_spritz_01,dish_spritz_01,,prep_spritz_01,1,serve,5.03
dc_gt_01,dish_gt_01,,prep_gt_01,1,serve,4.07
cmna3kr4600qf15pisjk4yvje,cmn8ccfp600n416qz1vaumjh1,,cmn8ccfig00kj16qzauax8p61,12,g,0.0967
cmo5bszdg000v01qtztkngh8m,cmo5bszd8000r01qt5vdyycg6,cmn8ccetf00ei16qzsocqx65i,,0.5,g,0.014
cmna3kr2d00px15pi4vjeaqm0,cmn8czr2w000001pi0eainhs6,cmn8ccctz002i16qz5r61c9be,,1,ea,1.2
cmna3kr4r00ql15pin68pcrmi,cmn8ccfqm00n816qzsrgenv3k,cmn8cccl2001o16qzmqxzk1q0,,15,g,0.9577
cmq4rxoc70002ztq0do2wpvlj,cmq4rxob30000ztq0ey3opr3s,cmn8ccdon005p16qz1u3j937c,,1,ea,1.0987
cmna3kr5j00qy15pihcldrib0,cmn8ccfrn00nq16qz34o0ek6b,cmn8ccccg001316qze4vtqjyl,,10,g,0.0903
cmna3kr1k00pk15pift886bb1,cmn8ddmwn000301piyejj8eqn,cmn8cceym00f716qz8z19eb5g,,0.3333,ea,1.6665
cmna3kr6a00r415piq4fof784,cmn8ccfos00mz16qz9d9rj0y7,cmn8ccdwm007916qzosd7ljjv,,1,ea,0.48
cmna3kr7d00rn15pi90p5p0bl,cmn8ccfr700nj16qzw0ntm2jv,cmn8ccdcg004216qzeb1mwilf,,100,g,1.433
cmna3kr7f00rp15piveumy140,cmn8ccfr700nj16qzw0ntm2jv,cmn8ccdv0006z16qzd4oa1in8,,5,g,0.0564
cmna3kr7e00ro15pigj2gwnez,cmn8ccfr700nj16qzw0ntm2jv,cmn8cccb7001016qzfxi0v3t7,,40,g,0.324
cmna3kr7g00rq15picmxnstdx,cmn8ccfr700nj16qzw0ntm2jv,cmn8ccduk006v16qzlwig3yns,,1,serve,0.0002
cmna3kr7a00rl15piadt3eodr,cmn8ccfr700nj16qzw0ntm2jv,cmn8ccdwm007916qzosd7ljjv,,2,ea,0.96
dc_ms_03,cmn8ccfr300nh16qzhdgtt4c3,cmn8ccer200e616qzwbqhl3tt,,10,g,0.1338
cmna3kr6g00r715pidsy3i2yl,cmn8ccfos00mz16qz9d9rj0y7,,cmn8ccfh400k716qz9x39lptb,20,g,0.2228
cmna3kr6c00r515pix7ka68rm,cmn8ccfos00mz16qz9d9rj0y7,cmn8cceno00df16qz7xpq0rto,,20,g,0.3853
cmna3kr7o00rs15pi7ydgjcu0,cmn8ccfp400n316qzpqglquiw,cmn8cccgz001f16qzu0k0bce2,,1,ea,0.12
cmna3kr7t00rv15pi6onrqil8,cmn8ccfp400n316qzpqglquiw,cmn8ccep300ds16qzz6v1hdst,,10,g,0.1533
cmna3kr7v00rw15pi7ggldo7k,cmn8ccfp400n316qzpqglquiw,,cmn8ccfk100kx16qzhd30scvq,70,g,0.9506
cmna3kr8n00s515piwdfx72gh,cmn8ccfry00nw16qzgkaz0cy9,cmn8ccf7z00hc16qzyr8dkvn6,,15,ml,0.36
cmna3kr5900qt15pikytmovwt,cmn8ddmuo000201pilc1welxf,,cmimp0019d2eb389620006,140,g,2.4926
cmna3kr6i00r915pif3cz7eoa,cmn8ccfos00mz16qz9d9rj0y7,cmn8ccf8s00hg16qzh8n7pnm9,,0.15,ea,0.315
cmna3kr6r00re15pi2a1pg0qh,cmn8ccfqr00na16qzdmvri2p5,cmn8ccdop005q16qzs734ytmm,,90,g,0.7503
cmna3kr7p00rt15piz5h8skgq,cmn8ccfp400n316qzpqglquiw,cmn8ccdwm007916qzosd7ljjv,,2,ea,0.96
cmna3kr6e00r615piy5h36wt2,cmn8ccfos00mz16qz9d9rj0y7,,cmn8ccfig00kj16qzauax8p61,40,g,0.3224
cmna3kr8000rx15pijo8mg92c,cmn8ccfrb00nk16qzxfm7qp4j,,cmn8ccfkv00la16qzw58kp21n,100,g,1.6232
cmna3kr8b00s115pixpa7okl0,cmn8ccfry00nw16qzgkaz0cy9,cmn8ccf5e00gm16qzxinaxdvg,,100,g,1.4
cmna3kr8q00s615pisct03ibw,cmn8ccfry00nw16qzgkaz0cy9,cmn8ccera00e816qztm0b6xwy,,10,g,0.0425
cmna3kr8s00s715pi8p3sgk9j,cmn8ccfry00nw16qzgkaz0cy9,cmn8cce8100a216qzcep426ir,,0.1,ea,0.33
cmna3kr8c00s215pizivg8ee2,cmn8ccfry00nw16qzgkaz0cy9,cmn8cccrt002916qz50nmrlz0,,1,g,0.0205
cmna3kr5x00r015pim2uy94tn,cmn8ccfrn00nq16qz34o0ek6b,cmn8cccrt002916qz50nmrlz0,,1,g,0.0205
cmna3kr8a00s015pib6a0u1u5,cmn8ccfry00nw16qzgkaz0cy9,cmn8ccdo6005l16qz70qf22io,,80,g,1.6104
cmna3kr5200qp15pi1lo4uxrn,cmn8ddmuo000201pilc1welxf,cmn8ccckl001n16qz7qcqzbzj,,180,g,7.2774
dc_stk_02,cmn8ccfrs00nt16qz1xzjiyoy,,cmn8ccfgr00k116qzcde38a3o,80,ml,0.819
cmna3kr5600qr15pivjucj5u9,cmn8ddmuo000201pilc1welxf,cmn8cce8800a416qzvym58q04,,5,g,0.7733
cmna3kr8900rz15piibuieh18,cmn8ccfry00nw16qzgkaz0cy9,cmn8cccgz001f16qzu0k0bce2,,1,ea,0.12
cmna3kr5e00qu15pimctg3xnp,cmn8ccfrn00nq16qz34o0ek6b,cmn8cccgz001f16qzu0k0bce2,,1,ea,0.12
cmna3kr6p00rc15pi4wee4md1,cmn8ccfqr00na16qzdmvri2p5,cmn8cce8z00ab16qzv0cloyz3,,65,g,0.728
cmna3kr8d00s315pizzgtroj2,cmn8ccfry00nw16qzgkaz0cy9,cmn8ccetb00eh16qzqxtgd887,,1,g,0.0117
dc_ms_05,cmn8ccfr300nh16qzhdgtt4c3,cmn8cceec00bj16qzai0g0899,,7,g,0.2299
cmna3kr6h00r815pifv99vt0b,cmn8ccfos00mz16qz9d9rj0y7,,cmn8ccfd200il16qzn5x0bm3e,20,g,0.1608
dc_stk_03,cmn8ccfrs00nt16qz1xzjiyoy,,,150,g,0
dc_stk_01,cmn8ccfrs00nt16qz1xzjiyoy,cmn8cccna001v16qzmqwkmj18,,165,g,9.1667
dc_ms_01,cmn8ccfr300nh16qzhdgtt4c3,cmn8ccez300fa16qz1mdo57w2,,90,g,1.0071
dc_ms_02,cmn8ccfr300nh16qzhdgtt4c3,,cmn8ccfk500kz16qzyptwys2d,300,g,2.8661
c596e36e7ad444a16848d41c760357e25,cmn8ccfrq00ns16qzkyqm9chb,cmn8cceg900bx16qzyaouy7cq,,30,g,0.1373
cmna3kr6900r315pihw4xljm3,cmn8ccfos00mz16qz9d9rj0y7,cmn8cccgm001e16qzve6vs21e,,100,g,1.55
cmna3kr7r00ru15pim484li31,cmn8ccfp400n316qzpqglquiw,cmn8ccexd00f216qzlr01hvnx,,110,g,3.7488
dc_stk_04,cmn8ccfrs00nt16qz1xzjiyoy,,cmn8ccfeh00j416qzpyx4ce6f,20,g,0.5909
dc_ms_04,cmn8ccfr300nh16qzhdgtt4c3,cmn8ccdfu004g16qzynxy0p7p,,2,g,0.0889
cmna3kr6q00rd15pihnuziek0,cmn8ccfqr00na16qzdmvri2p5,cmn8ccet400ef16qzqbpqwkmu,,200,g,1.5273
cmna3kr5r00qz15pi7850ee7h,cmn8ccfrn00nq16qz34o0ek6b,cmn8ccdo6005l16qz70qf22io,,60,g,1.2078
cmowhtsk2000i16p0qg75ait9,cmowhtsju000h16p0gkb4flly,,cmowhtsi6000216p0hem8p68q,50,g,0.5167
c7d53892d048c499295bb03b7dd0aaa2a,cmn8ccfrq00ns16qzkyqm9chb,cmn8ccdq8006116qzvngx3xw3,,3,g,0.1275
cmna3kr8i00s415pionzuhmav,cmn8ccfry00nw16qzgkaz0cy9,cmn8ccebc00b016qzfjhnozmw,,2,g,0.0113
cmna3kr7c00rm15pid0z9on7d,cmn8ccfr700nj16qzw0ntm2jv,cmn8cccgm001e16qzve6vs21e,,150,g,2.325
cmna3kr5400qq15pif7ay9tjx,cmn8ddmuo000201pilc1welxf,,cmn8ccffe00jf16qz1y3rxw9j,40,g,0.7097
cmna3kr8200ry15pi4jnv3tg4,cmn8ccfrb00nk16qzxfm7qp4j,,cmn8ccfjy00kw16qz0h7u4ea8,1,serve,0.2859
dc_egg_01,side_egg_01,cmn8ccdwm007916qzosd7ljjv,,1,ea,0.48
cmna3krbv00th15pi6kl44p35,cmn8ccfoz00n116qz6k48afez,cmn8cccgz001f16qzu0k0bce2,,1,ea,0.12
cmna3krbc00tb15pi76ykffip,cmn8ccfoq00my16qz3udnjgb9,cmn8cceyy00f916qzqazux2qq,,70,g,0.6358
cmna3krc300tk15pih93k4372,cmn8ccfoz00n116qz6k48afez,cmn8cccgm001e16qzve6vs21e,,30,g,0.465
cmna3kray00t415pi5y0gavmi,cmn8ccfqv00nc16qzv0pg830i,cmn8ccclf001p16qz9t1vz8ns,,20,g,0.2716
cmna3kr9300sb15pilx7rwn9g,cmn8ccfrw00nv16qzf0qczrvs,,cmn8ccfo800mr16qzpm1tdgg0,130,g,0.7689
cmna3krar00t115piprkq2n5h,cmn8ccfqv00nc16qzv0pg830i,cmn8ccc6u000p16qzmhih4oee,,20,g,0.3436
cmna3kr9m00sk15piwdf0pb69,cmn8ccfqp00n916qz7a4290bp,cmn8cce8800a416qzvym58q04,,6,g,0.928
cmna3krae00sv15pizhte4hqa,cmn8ccfrj00no16qz4777wafv,cmn8cce0x008916qz3wuehovb,,12,g,0.1633
cmna3krbi00td15pik790kc53,cmn8ccfp200n216qzukowvpje,cmn8ccdwm007916qzosd7ljjv,,2,ea,0.96
cmna3krbj00te15pieoeo0gg1,cmn8ccfp200n216qzukowvpje,cmn8ccep300ds16qzz6v1hdst,,10,g,0.1533
cmna3krb600t615pitxgvlzbe,cmn8ccfoq00my16qz3udnjgb9,cmn8ccf8s00hg16qzh8n7pnm9,,10,g,0.3
cmna3krbb00ta15pis3fteery,cmn8ccfoq00my16qz3udnjgb9,cmn8cce60009h16qzmb90kuwm,,15,g,0.276
cmna3kr9j00sh15pigqif5bgh,cmn8ccfqp00n916qz7a4290bp,cmn8ccdwm007916qzosd7ljjv,,2,ea,0.96
cmna3krc400tl15pix494d1ku,cmn8ccfoz00n116qz6k48afez,cmn8ccep300ds16qzz6v1hdst,,10,g,0.1533
cmna3kr9h00sg15picdylh1tm,cmn8ccfqp00n916qz7a4290bp,cmn8ccexd00f216qzlr01hvnx,,70,g,2.3856
cmna3krbm00tg15pi54whe79z,cmn8ccfp200n216qzukowvpje,cmn8cccgm001e16qzve6vs21e,,80,g,1.24
cmna3krab00ss15pi0n1ez2s8,cmn8ccfrj00no16qz4777wafv,,cmn8ccfh700k816qzntj9ely1,2.3,serve,0.3972
cmna3krc100tj15pid9efmia2,cmn8ccfoz00n116qz6k48afez,cmn8cccb7001016qzfxi0v3t7,,100,g,0.81
cmna3kr9f00sf15pix4ejdp8t,cmn8ccfqp00n916qz7a4290bp,,cmn8ccfoi00mv16qzho6yi489,2,serve,0.1082
cmna3krao00sz15pith4fi05w,cmn8ccfqv00nc16qzv0pg830i,cmn8ccfc100i916qzqr6itw70,,40,g,0.2021
cmna3kran00sy15pigopnusd0,cmn8ccfqv00nc16qzv0pg830i,cmn8cccb7001016qzfxi0v3t7,,90,g,0.729
cmna3kras00t215pi6iyc89xr,cmn8ccfqv00nc16qzv0pg830i,cmn8ccdnp005j16qznznlejcc,,35,g,0.482
cmna3krch00tn15pibuhrvrba,cmn8ccfqx00nd16qzcy8cpj37,cmn8ccez300fa16qz1mdo57w2,,150,g,1.6786
cmna3kraw00t315pinrsj3plu,cmn8ccfqv00nc16qzv0pg830i,,cmn8ccfjf00kq16qzldg6xe79,50,ml,0.376
cmna3krag00sw15pihdxqi0tu,cmn8ccfrj00no16qz4777wafv,,cmn8ccfmt00m416qz6k2vj5gt,130,g,1.4708
cmna3kr9o00sl15pii609dxee,cmn8ccfqp00n916qz7a4290bp,cmn8cceek00bl16qztl7zybk3,,5,g,0.1275
cmna3krac00st15pilv01q38t,cmn8ccfrj00no16qz4777wafv,,cmn8ccflr00lr16qzsh8vckiz,1,serve,0.5202
cmna3krai00sx15pizv6sc6yb,cmn8ccfrj00no16qz4777wafv,cmimp0019d2eb389620002,,2,ea,1.3333
cmna3krcm00tp15pif4b3oda1,cmn8ccfqx00nd16qzcy8cpj37,,cmn8ccfid00ki16qzlv0j5i9z,20,g,0.1641
cc6c9cefde7b144deb67e739bf7546893,cmn8ccfrq00ns16qzkyqm9chb,cmn8ccf8s00hg16qzh8n7pnm9,,5,g,0.15
cmna3kra200sp15pi7vjj0c2q,cmn8ccfrt00nu16qzpv10phzc,cmn8ccemx00db16qzva6ff2wz,,10,g,0.32
cmq4rxoc70005ztq0r4sayst9,cmq4rxob30000ztq0ey3opr3s,cmo5a8raz000001qtnoy0saz1,,15,g,0.3825
cmna3kra400sq15pieiyn7yy2,cmn8ccfrt00nu16qzpv10phzc,cmn8ccct1002e16qznfr3c3cv,,20,g,0.88
cmna3kra500sr15pi6a9q9mdz,cmn8ccfrt00nu16qzpv10phzc,cmn8ccf1j00fr16qzglr5y1mj,,80,g,0.88
cmna3kra000sn15pi4bzeuct3,cmn8ccfrt00nu16qzpv10phzc,cmn8cce7e009v16qz7llgsntv,,65,g,0.6338
cmna3kr9y00sm15pigczx788z,cmn8ccfrt00nu16qzpv10phzc,cmn8ccdg5004h16qzf12k0poq,,200,g,1.15
dc_hb_salad_01,cmn8ccfqv00nc16qzv0pg830i,,cmn8ccfht00kc16qz0h8gno8t,130,g,2.0707
cmna3krbl00tf15pi9zhz5fnf,cmn8ccfp200n216qzukowvpje,,cmn8ccfk100kx16qzhd30scvq,70,g,0.9506
cmna3kr9l00sj15pirhcw5qh3,cmn8ccfqp00n916qz7a4290bp,,cmn8ccffs00jl16qzp7ordld9,15,g,0.2069
cbb6dd23f73e2445394640c120fae9db6,cmn8ccfrq00ns16qzkyqm9chb,cmn8cce8l00a816qzkxgglmi8,,2,g,0.0743
cmq4rxoc70004ztq08jrd1mwf,cmq4rxob30000ztq0ey3opr3s,cmn8cce20008l16qz5no08ewr,,5,g,0.0132
cmq4rxoc70006ztq0bu2ihk9e,cmq4rxob30000ztq0ey3opr3s,cmn8ccehl00cc16qzm46h6b28,,8,g,0.46
cmna3kraq00t015pih3vod5vn,cmn8ccfqv00nc16qzv0pg830i,cmn8cce7y00a116qz24kjvs7a,,130,g,1.5071
cmna3krbh00tc15pinkbp7ttd,cmn8ccfp200n216qzukowvpje,cmn8cccgz001f16qzu0k0bce2,,1,ea,0.12
cmna3kra100so15pitlmu33i2,cmn8ccfrt00nu16qzpv10phzc,cmn8cccsg002b16qzik5gqzzq,,10,g,0.365
cmna3krb700t715pihxohgrhx,cmn8ccfoq00my16qz3udnjgb9,cmn8ccdf8004d16qz1kj5rrsn,,2,g,0.0386
cmna3krcq00tq15piarcy4emv,cmn8ccfqx00nd16qzcy8cpj37,cmn8ccchi001g16qzwmxu3fge,,8,g,0.24
cmna3kr9500sc15pi6nb6pe6e,cmn8ccfrw00nv16qzf0qczrvs,cmn8cce0b008216qzlo9exici,,50,g,0.76
dc_bddl_01,cmn9uk4md000901pixun2kcoe,cmn8ccdk5005216qz0ryvd28g,,95,g,0.837
dc_sausroll_02,cmn8ccfrl00np16qzmyjzrknc,cmn8ccd0e003216qzlwuwq7bo,,120,g,1.656
cmna3krby00ti15pitjhxrbmp,cmn8ccfoz00n116qz6k48afez,cmn8ccdwm007916qzosd7ljjv,,2,ea,0.96
cmna3krad00su15pib9ztg59n,cmn8ccfrj00no16qz4777wafv,cmn8ccdl6005716qzqbvemxxu,,4,g,0.16
cmna3kr4d00qi15piqkob0kkq,cmn8ccfp600n416qz1vaumjh1,,cmn8ccfig00kj16qzauax8p61,100,g,0.806
cmna3krdy00tu15pijcqufmze,cmn8ccfqt00nb16qzfpb2fjxz,cmn8ccf3400g616qzc5i2k5g2,,0.5,g,0.0005
cmna3kre000tv15pigdnivf4a,cmn8ccfqt00nb16qzfpb2fjxz,cmn8cccrt002916qz50nmrlz0,,0.5,g,0.0102
cmna3krdp00ts15piedbyxvln,cmn8ccfqt00nb16qzfpb2fjxz,cmn8ccdwm007916qzosd7ljjv,,2,ea,0.96
cmna3krdi00tr15pid77908cg,cmn8ccfqt00nb16qzfpb2fjxz,cmn8ccez300fa16qz1mdo57w2,,90,g,1.0071
cmna3kre800tz15piugfu9ih8,cmn8ccfrg00nm16qzio5g8ev1,cmn8ccf8s00hg16qzh8n7pnm9,,10,g,0.3
cmna3kreb00u215pi3biuegaf,cmn8ccfrg00nm16qzio5g8ev1,cmn8ccer200e616qzwbqhl3tt,,10,g,0.1338
cmna3kre900u015pic6txnuyn,cmn8ccfrg00nm16qzio5g8ev1,cmn8ccf3400g616qzc5i2k5g2,,0.5,g,0.0005
cmna3kre100tw15piedzkieed,cmn8ccfqt00nb16qzfpb2fjxz,cmn8ccer200e616qzwbqhl3tt,,10,g,0.1338
dc_cra_02,cmn9uk7pp000d01pi62yut294,cmn8ccdon005p16qz1u3j937c,,1,ea,1.0987
dc_cra_01,cmn9uk7pp000d01pi62yut294,,cmn8ccfcc00ic16qzk80fi2di,130,g,2.1317
dc_ckcc_01,cmna3l5ag001016o3a7b88q2n,,cmn8ccfej00j516qzlol5uyc0,1,serve,1.4957
cmna3krea00u115pihe4l5wv5,cmn8ccfrg00nm16qzio5g8ev1,cmn8cccrt002916qz50nmrlz0,,0.5,g,0.0102
dc_cra_04,cmn9uk7pp000d01pi62yut294,,cmn8ccfn300m816qz4c1faszv,20,ml,0.0628
dc_brj_02,cmn9uk3nu000801pijlqole60,,cmn8ccfdo00it16qzv8u178ec,150,g,0.4918
dc_crch_01,cmn9uk5e9000a01pinscith5o,,cmn8ccfer00j916qzh1x1420z,100,g,1.355
cmna3krba00t915pi1t0dadtj,cmn8ccfoq00my16qz3udnjgb9,cmn8ccdvc007116qz1h3yv70c,,10,g,0.088
dc_scramble_h_01,side_scramble_h_01,,cmn8ccfmt00m416qz6k2vj5gt,150,g,1.6971
dc_cra_05,cmn9uk7pp000d01pi62yut294,cmn8cce20008l16qz5no08ewr,,5,g,0.0132
cmna3kre600tx15pibhd6l1ui,cmn8ccfrg00nm16qzio5g8ev1,cmn8ccez300fa16qz1mdo57w2,,90,g,1.0071
dc_crch_03,cmn9uk5e9000a01pinscith5o,cmn8ccf7p00ha16qz018cobrn,,20,g,0.4333
dc_crcn_01,cmn9uk995000f01pic8jmix4r,,cmn8ccfg000jp16qzdf9401zk,125,g,0.506
c0bd3c4bf423641ccb43163dd98ab19d2,cmn8ccfrq00ns16qzkyqm9chb,cmn8ccdy7007p16qzs8tn5151,,40,g,0.6384
dc_crpl_01,cmn9uk8hd000e01pirbt1mcu0,cmn8ccdon005p16qz1u3j937c,,1,ea,1.0987
cmna3krem00u515pi8fe2tqg7,cmn8ccfqj00n716qz32yn2emh,,cmn8ccffm00ji16qzp3hg1xu1,150,g,1.3635
cmq4rxoc70001ztq0r4hpxlad,cmq4rxob30000ztq0ey3opr3s,,cmq4p1yc900000vq0amcxottq,130,g,2.6392
cmna3kre700ty15piobfjrqfk,cmn8ccfrg00nm16qzio5g8ev1,cmn8ccdwm007916qzosd7ljjv,,2,ea,0.96
dc_brj_01,cmn9uk3nu000801pijlqole60,,cmn8ccflv00ls16qzlmcq0zp0,95,g,0.6545
dc_crcn_02,cmn9uk995000f01pic8jmix4r,cmn8ccd5g003i16qzk6nj0wf8,,10,g,0.0176
dc_ckcc_02,cmna3l5ag001016o3a7b88q2n,cmn8ccdhd004l16qz1wb6lr82,,15,g,0.3289
cmqafvukt000xujq013ad626i,cmqafvujv000qujq0mzx3238e,cmn8ccdcg004216qzeb1mwilf,,100,g,1.433
cmq4rxoc70003ztq0kzqm5c9k,cmq4rxob30000ztq0ey3opr3s,,cmn8ccfn300m816qz4c1faszv,20,ml,0.0628
dc_cra_03,cmn9uk7pp000d01pi62yut294,cmn8ccc7e000q16qzxfpadat8,,35,g,0.623
cmna3kreo00u615pivah9ouuz,cmn8ccfqj00n716qz32yn2emh,,cmn8ccfkt00l916qzwfqr8uv4,300,g,1.2231
cmna3kr5f00qv15piud1e0c0r,cmn8ccfrn00nq16qz34o0ek6b,cmn8ccexd00f216qzlr01hvnx,,120,g,4.0896
cmqafvukt000yujq0r811ttyb,cmqafvujv000qujq0mzx3238e,cmn8ccer200e616qzwbqhl3tt,,30,g,0.4014
cmqaid2rv000fl5q0jvfvkvhp,cmqaid2qx000el5q05ytoxmjo,cmn8ccddo004516qzxiydaj8t,,175,g,2.0263
dc_cscr_01,cmn9uk661000b01pi20zeudxw,,cmn8ccfey00jb16qziw6fotad,125,g,0.81
dc_ckb_01,cmn9uk6xw000c01pir181k1i4,,cmn8ccfe000iw16qzgv7ml8w4,1,serve,1.2563
dc_bddl_02,cmn9uk4md000901pixun2kcoe,,cmn8ccfdo00it16qzv8u178ec,150,g,0.4918
dc_crdl_01,cmn9uka0t000g01pixdsoksrr,,cmn8ccfg000jp16qzdf9401zk,125,g,0.506
cmna3krdv00tt15pinip4tjt0,cmn8ccfqt00nb16qzfpb2fjxz,cmn8ccf8s00hg16qzh8n7pnm9,,10,g,0.3
cmna3kr6600r215pib2m1i1oa,cmn8ccfos00mz16qz9d9rj0y7,cmn8cce8a00a516qzurdw3hht,,1,ea,1.1
c1a515c43ec6941c2bbb7cdad89325c51,cmn8ccfrq00ns16qzkyqm9chb,cmn8ccey700f516qzkvwk59sz,,20,g,0.31
dc_crch_02,cmn9uk5e9000a01pinscith5o,cmn8cceak00ap16qzi9i0f0a9,,50,g,0.6862
cmna3kr2600pt15pi7bzet0bc,cmn8czr2w000001pi0eainhs6,cmn8cceaz00aw16qzy37t9d4e,,2,g,0.1765
dc_scramble_f_01,side_scramble_f_01,,cmn8ccfmt00m416qz6k2vj5gt,250,g,2.8284
cmna3kr3z00qc15pi51mc05ii,cmn8ccfp600n416qz1vaumjh1,cmn8ccf8s00hg16qzh8n7pnm9,,12,g,0.36
cmna3krc600tm15pico1xcsu1,cmn8ccfoz00n116qz6k48afez,,cmn8ccfnz00mm16qzzv2z8yza,30,g,0.7177
cmna3kqza00ot15pij5hm6heh,cmn8ccfro00nr16qzpq9ddlyl,cmn8ccema00d716qzr2oojpwz,,125,g,0.5
cmna3kr6n00ra15pi19q51pm4,cmn8ccfqr00na16qzdmvri2p5,cmn8ccf8s00hg16qzh8n7pnm9,,12,g,0.36
cmna3krb500t515pi2jlniejs,cmn8ccfoq00my16qz3udnjgb9,,cmn8ccfcr00ih16qzhfxo2es6,220,g,2.8731
dc_salmon_01,side_salmon_01,cmn8ccexd00f216qzlr01hvnx,,70,g,2.3856
cmna3krck00to15pink6zbllz,cmn8ccfqx00nd16qzcy8cpj37,cmn8ccer200e616qzwbqhl3tt,,45,g,0.6021
dc_bcb_03,dish_bacon_crumpet_01,cmn8ccdwm007916qzosd7ljjv,,2,ea,0.96
dc_guzzy_06,cmn9xru75001401pi4o40xkaq,,cmn8ccflr00lr16qzsh8vckiz,14,g,0.0486
dc_frd_01,cmn9ukl2d000i01pia47c8xqz,,cmn8ccfgx00k416qz7dtjmbe0,90,g,0.834
dc_frd_02,cmn9ukl2d000i01pia47c8xqz,cmn8ccc6e000o16qztldgl0co,,15,g,0.378
dc_crdl_02,cmn9uka0t000g01pixdsoksrr,cmn8ccdk5005216qz0ryvd28g,,45,g,0.3965
dc_crdl_03,cmn9uka0t000g01pixdsoksrr,,cmn8ccfgp00k016qzaajgqptm,35,g,0.2317
dc_bcb_06,dish_bacon_crumpet_01,cmn8cce8800a416qzvym58q04,,6,g,0.928
dc_bcb_07,dish_bacon_crumpet_01,cmn8cceek00bl16qztl7zybk3,,5,g,0.1275
dc_guzzy_07,cmn9xru75001401pi4o40xkaq,cmn8ccdcg004216qzeb1mwilf,,60,g,0.8598
dc_crvb_02,cmn9ukasl000h01piyfq8zlnq,,cmn8ccfof00mt16qzwc0rkvpz,35,g,0.2834
dc_crvb_03,cmn9ukasl000h01piyfq8zlnq,,cmn8ccfgf00jx16qz11yjlu6a,35,ml,0.1651
dc_guzzy_08,cmn9xru75001401pi4o40xkaq,,cmn8ccfk500kz16qzyptwys2d,160,g,1.5286
cmimp0019d2eb389740375,cmn8ddn2f000601pido7cmqb6,cmn8ccf5500gj16qzpi1cp5rl,,90,g,0.645
cmimp0019d2eb389740374,cmn8ddn2f000601pido7cmqb6,cmn8ccdmc005e16qzvbhe41yc,,20,g,0.14
dc_guzzy_02,cmn9xru75001401pi4o40xkaq,,cmn8ccfld00ll16qzuvc4q19e,25,g,0.285
dc_icedtea_01,cmn8ccfqy00ne16qzrw6wic0k,,prep_iced_tea_01,1,serve,0.0012
dc_guzzy_03,cmn9xru75001401pi4o40xkaq,cmn8ccdzi007x16qz3917g8jw,,30,g,0.24
cmimp0019d2eb38974036f,cmn8ddn2f000601pido7cmqb6,cmn8ccez300fa16qz1mdo57w2,,170,g,1.9024
cmimp0019d2eb389740373,cmn8ddn2f000601pido7cmqb6,cmn8cccg7001d16qzg286apay,,208,g,3.3488
cmimp0019d2eb389740371,cmn8ddn2f000601pido7cmqb6,cmn8cce8z00ab16qzv0cloyz3,,15,g,0.168
cmimp0019d2eb389740370,cmn8ddn2f000601pido7cmqb6,cmn8ccer200e616qzwbqhl3tt,,13,g,0.1739
cmqage0ue0001b4q0j91hooav,cmqage0tg0000b4q07mdadveh,,cmqafvt7o000fujq0u9zjefn2,355,g,2.6706
c0e4ad7e12ad14cd8b97871f3ebbfd353,dish_acai_bowl_01,cmn8ccf1d00fq16qzut2b10c3,,50,g,0.44
cd1e26e40aa5042208dfbbd1f9bef03e4,dish_acai_bowl_01,cmn8cce8400a316qz3i2393ss,,2,g,0.098
dc_bcb_04,dish_bacon_crumpet_01,,cmn8ccfk100kx16qzhd30scvq,70,g,0.9506
dc_guzzy_04,cmn9xru75001401pi4o40xkaq,cmn8cccgm001e16qzve6vs21e,,20,g,0.31
c93bb94d35cbb4a9f88bc731110527483,dish_acai_bowl_01,,prep_house_granola_01,150,g,1.6604
ced551776080f4beb8fcd3624ed237798,dish_acai_bowl_01,ing_cocowater_cocobella_01,,200,ml,0.6832
dc_bcb_01,dish_bacon_crumpet_01,,cmn8ccfoi00mv16qzho6yi489,2,serve,0.1082
dc_bcb_02,dish_bacon_crumpet_01,cmn8cccgm001e16qzve6vs21e,,100,g,1.55
dc_guzzy_05,cmn9xru75001401pi4o40xkaq,,cmn8ccfit00kl16qzvjriw6iz,15,g,0.0273
cmqage0ue0002b4q0lhdgijh6,cmqage0tg0000b4q07mdadveh,cmn8ccf7g00h716qzb94onjnt,,177,ml,0.7275
c172a4855e9f94e1c97c7ba6863917e42,dish_acai_bowl_01,cmn8cccst002d16qzor3cadbm,,150,g,1.3395
c4f256175954e42bbb736e4cfe2229fa7,dish_acai_bowl_01,cmn8ccemj00d916qzzupvmnnz,,25,g,0.72
cmimp0019d2eb389740372,cmn8ddn2f000601pido7cmqb6,,cmn8ccfcu00ii16qz5rgjmnej,50,g,0.2446
cmna3kr5800qs15pi7bt4h36j,cmn8ddmuo000201pilc1welxf,,cmn8ccfkw00lb16qz2kphq12z,5,g,0.052
dc_frd_03,cmn9ukl2d000i01pia47c8xqz,cmn8ccemj00d916qzzupvmnnz,,10,g,0.288
c17d925257e8f4e4695fa3c6e1a1a4c4a,dish_acai_bowl_01,cmn8ccck7001m16qzy7iuswgj,,120,g,0.3686
dc_icedtea_02,cmn8ccfqy00ne16qzrw6wic0k,cmn8cce48009516qz3g94a1yo,,15,g,0.2511
cmqabldv9000j76q0s7u1i6vk,cmqabldua000i76q0i9ft9edk,,cmqabldju000876q007pjrh0e,300,ml,2.4156
cmqabldv9000k76q079bs2g7c,cmqabldua000i76q0i9ft9edk,cmn8ccdzd007w16qz3iycttam,,30,g,1.3164
cmo5kffh2000401qria40ijcm,cmo5kffgh000301qrkqo9bj0t,cmo5k8peq000001qr0fzrydh0,,1,ea,6.3
dc_mbb_maple_01,cmn8ddn0e000501pib2gc92o5,,cmn8ccfjq00kt16qzgsskyc4p,100,g,2.9426
cmqage0ue0004b4q03riv1fxy,cmqage0tg0000b4q07mdadveh,,cmn8ccffs00jl16qzp7ordld9,20,g,0.2758
dc_kgn_01,cmn9ukllf000j01pibe4pfmlf,,cmn8ccffv00jn16qzwrf8rdzj,95,g,0.6261
dc_crvb_01,cmn9ukasl000h01piyfq8zlnq,,cmn8ccfg000jp16qzdf9401zk,125,g,0.506
dc_guzzy_01,cmn9xru75001401pi4o40xkaq,cmn8ccf5k00go16qziv7wgf1o,,1,ea,0.3458
dc_chicken_01,side_chicken_01,cmn8ccddo004516qzxiydaj8t,,100,g,1.1579
dc_mtst_01,cmn9ukoof000n01pio8f3ygt9,,cmn8ccfkb00l216qzzw9ubpkv,1,serve,1.9167
cmqabldv9000l76q0kgezkslf,cmqabldua000i76q0i9ft9edk,cmn8ccez300fa16qz1mdo57w2,,50,g,0.5595
dc_mtbl_01,cmn9ukpg9000o01piwv3aktbk,,cmn8ccfk700l016qzgzxu14va,1,serve,1.8383
dc_crdl_04,cmn9uka0t000g01pixdsoksrr,cmn8ccf3400g616qzc5i2k5g2,,5,g,0.0046
dc_bcb_05,dish_bacon_crumpet_01,,cmn8ccffs00jl16qzp7ordld9,15,g,0.2069
c889f089febe14c91867e870921d4a90d,dish_acai_bowl_01,ing_acai_amazonia_01,,60,g,0.6596
dc_lbcw_09,cmn9uknx8000m01piat2lkmqz,cmn8ccf3400g616qzc5i2k5g2,,15,g,0.0139
dc_lbcw_05,cmn9uknx8000m01piat2lkmqz,cmn8ccd5g003i16qzk6nj0wf8,,405,g,0.7144
dc_cb_05,dish_chilli_benny_01,,cmn8ccffs00jl16qzp7ordld9,16,g,0.2207
cmimp0019d2eb3897603d3,cmn8ddn0e000501pib2gc92o5,,cmn8ccfi100ke16qz295vk30s,30,g,0.1546
dc_cb_01,dish_chilli_benny_01,cmn8ccez300fa16qz1mdo57w2,,85,g,0.9512
dc_cb_02,dish_chilli_benny_01,cmn8ccdwm007916qzosd7ljjv,,2,ea,0.96
dc_cbs_05,dish_chilli_benny_salmon_01,,cmn8ccffs00jl16qzp7ordld9,16,g,0.2207
dc_cbs_08,dish_chilli_benny_salmon_01,cmn8cceek00bl16qztl7zybk3,,5,g,0.1275
dc_cbs_06,dish_chilli_benny_salmon_01,cmn8cce8800a416qzvym58q04,,5,g,0.7733
cmna3kr6o00rb15pibtzpktvl,cmn8ccfqr00na16qzdmvri2p5,,cmn8ccfig00kj16qzauax8p61,12,g,0.0967
dc_mush_kingbrown,side_mush_01,cmn8ccea100aj16qz2u8q5m1r,,52,g,0.7304
cmimp0019d2eb3897603d2,cmn8ddn0e000501pib2gc92o5,cmn8cccgz001f16qzu0k0bce2,,1,ea,0.12
dc_lbcw_08,cmn9uknx8000m01piat2lkmqz,cmn8cccir001j16qzey7j13m7,,12.5,g,0.0888
dc_lbcw_06,cmn9uknx8000m01piat2lkmqz,cmn8cce4l009816qziv1pk29j,,37.5,ml,0.3638
dc_lbcw_01,cmn9uknx8000m01piat2lkmqz,cmn8ccczy003016qzul0og9hz,,297,g,3.5046
dc_lbcw_07,cmn9uknx8000m01piat2lkmqz,cmn8ccehw00ce16qzyq9c03w1,,450,g,0.3208
dc_pps_02,cmn9ukq8r000p01pidw64btxs,cmn8ccegc00by16qz93fcu4dg,,31.25,g,1.1925
dc_lbcw_02,cmn9uknx8000m01piat2lkmqz,cmn8ccdwm007916qzosd7ljjv,,4,ea,1.92
dc_ppw_01,cmn9ukqzv000q01pizpttm7wx,,cmn8ccfl400lg16qzlmxz0vik,1,serve,10.48
dc_ppw_03,cmn9ukqzv000q01pizpttm7wx,,cmn8ccfgt00k216qzddcrirt9,400,g,2.7261
dc_cpw_02,cmn9xrezy000z01pilk1jv9tg,,cmn8ccfgt00k216qzddcrirt9,300,g,2.0446
dc_pps_03,cmn9ukq8r000p01pidw64btxs,,cmn8ccfgt00k216qzddcrirt9,50,g,0.3408
cmqadmypp000f63q0mlp4f5gw,cmqadmyor000963q0k7yn42ql,cmqadmy40000063q0jgb6yrrl,,25,g,0.2653
dc_cb_06,dish_chilli_benny_01,cmn8cce8800a416qzvym58q04,,5,g,0.7733
cmimp0019d2eb3897603d5,cmn8ddn0e000501pib2gc92o5,,cmn8ccfid00ki16qzlv0j5i9z,10,g,0.0821
cmimp0019d2eb3897603d6,cmn8ddn0e000501pib2gc92o5,,cmn8ccfmt00m416qz6k2vj5gt,140,g,1.5839
dc_lbcw_03,cmn9uknx8000m01piat2lkmqz,,cmn8ccfja00ko16qzngc8t5co,0.25,serve,1.8075
dc_cb_03,dish_chilli_benny_01,cmn8cccgm001e16qzve6vs21e,,100,g,1.55
dc_cbs_04,dish_chilli_benny_salmon_01,cmn8ccer200e616qzwbqhl3tt,,8,g,0.107
dc_cb_07,dish_chilli_benny_01,,cmn8ccfk100kx16qzhd30scvq,70,g,0.9506
dc_cbs_03,dish_chilli_benny_salmon_01,cmn8ccexd00f216qzlr01hvnx,,70,g,2.3856
dc_cbs_07,dish_chilli_benny_salmon_01,,cmn8ccfk100kx16qzhd30scvq,70,g,0.9506
dc_cbs_01,dish_chilli_benny_salmon_01,cmn8ccez300fa16qz1mdo57w2,,85,g,0.9512
dc_cpw_03,cmn9xrezy000z01pilk1jv9tg,,cmn8ccfeb00j116qz4tdx4iif,450,g,0.1839
dc_cpw_04,cmn9xrezy000z01pilk1jv9tg,cmn8ccd5g003i16qzk6nj0wf8,,50,g,0.0882
dc_cb_04,dish_chilli_benny_01,cmn8ccer200e616qzwbqhl3tt,,8,g,0.107
cmqadmypp000a63q0rb8u1wi3,cmqadmyor000963q0k7yn42ql,cmn8cccf1001916qz3em3wtv6,,55,g,0.6669
dc_cbs_02,dish_chilli_benny_salmon_01,cmn8ccdwm007916qzosd7ljjv,,2,ea,0.96
cmqadmypp000d63q0hb0fdogd,cmqadmyor000963q0k7yn42ql,cmn8ccfc700ib16qzj07wh3xz,,40,g,0.1213
cmqadmypp000b63q04fyj24ga,cmqadmyor000963q0k7yn42ql,cmn8ccds6006c16qzfegnftpl,,40,g,0.176
cmqadmypp000c63q0rsoxmkcz,cmqadmyor000963q0k7yn42ql,cmn8ccend00de16qzfb861942,,35,g,0.251
dc_pps_01,cmn9ukq8r000p01pidw64btxs,,cmn8ccfl400lg16qzlmxz0vik,0.125,serve,1.31
cmqadmypp000e63q03vaxpt57,cmqadmyor000963q0k7yn42ql,cmn8ccdsk006g16qzwin225ba,,50,g,0.3182
c86c6abc36f444cc48647963117a9c578,dish_acai_bowl_01,ing_acai_blend_wastage_01,,45.45,ml,0.2618
cmimp0019d2eb3897603d4,cmn8ddn0e000501pib2gc92o5,,cmn8ccfkj00l516qzk8s75qd3,8,g,0.0864
dc_lbcw_04,cmn9uknx8000m01piat2lkmqz,cmn8cce4b009616qzmwnpe09j,,18.75,g,1.2375
dc_cpw_01,cmn9xrezy000z01pilk1jv9tg,,cmn8ccfgt00k216qzddcrirt9,400,g,2.7261
dc_ppw_02,cmn9ukqzv000q01pizpttm7wx,cmn8ccegc00by16qz93fcu4dg,,250,g,9.54
dc_cb_08,dish_chilli_benny_01,cmn8cceek00bl16qztl7zybk3,,5,g,0.1275
cmna3kr6t00rf15piyqlwa9zg,cmn8ccfqr00na16qzdmvri2p5,,cmn8ccfl700li16qze6ijvoax,90,g,1.0922
dc_mush_swiss,side_mush_01,cmn8ccea500ak16qz85w32ndx,,78,g,1.1164
cmo5khx37000601qr5rupd3ui,cmo5khx1k000501qra1bclxk4,cmo5kambf000101qrq4iimyed,,1,ea,7.2
cbc1815928b2a435b84af3f0051b3810a,dish_french_toast_01,ing_brioche_loaf_ft_01,,1,ea,3.15
cbec5ab70fcc543e887e7dca1c6b7ffe5,dish_french_toast_01,cmn8ccdnx005k16qz2c9ifcch,,90,ml,0.6282
c068f3cda0fb44a53a638a7ed1c5a3979,dish_french_toast_01,cmn8ccctg002g16qz3mns6yns,,2,g,0.1816
c31c0b16634ce4c0d86e1eda490d52abd,dish_french_toast_01,ing_coffee_beans_espresso_01,,18,g,0.468
cab506d92a5e14631b4bac2fbd93b8774,dish_french_toast_01,ing_choc_powder_01,,10,g,0.199
dc_fries_full_01,side_fries_full_01,cmn8ccdfp004f16qzvbzp9fk2,,300,g,1.3127
cmimp0019d2eb3897603d7,cmn8ddn0e000501pib2gc92o5,,cmn8ccfdj00is16qzu3qpt5b0,15,g,1.0606
cmna3krb800t815pi783tsdsr,cmn8ccfoq00my16qz3udnjgb9,cmn8ccelm00cz16qz5xqfacx1,,4,g,0.0314
dc_phf_04,cmn8ddmsn000101pi5lomtn5m,,cmn8ccfnb00mb16qz0797wkqq,30,g,0.2836
dc_phf_01,cmn8ddmsn000101pi5lomtn5m,,new_pea_halloumi_01,240,g,2.1156
cmo5kobof000101qgq684ubc8,cmo5kobny000001qg94eajie0,cmn8cceym00f716qz8z19eb5g,,1,ea,5
dc_cbp_straw,cmn8ccfqj00n716qz32yn2emh,cmn8ccf1j00fr16qzglr5y1mj,,40,g,0.44
dc_cbp_blue,cmn8ccfqj00n716qz32yn2emh,cmn8cccst002d16qzor3cadbm,,40,g,0.3572
dc_cbp_sugar,cmn8ccfqj00n716qz32yn2emh,cmn8ccd5g003i16qzk6nj0wf8,,50,g,0.0882
dc_lbcs_09,cmn9ukn55000l01pi7iy59jqx,cmn8ccf3400g616qzc5i2k5g2,,1.875,g,0.0017
dc_lbcs_01,cmn9ukn55000l01pi7iy59jqx,cmn8ccczy003016qzul0og9hz,,37.125,g,0.4381
dc_lbcs_02,cmn9ukn55000l01pi7iy59jqx,cmn8ccdwm007916qzosd7ljjv,,0.5,ea,0.24
dc_lbcs_03,cmn9ukn55000l01pi7iy59jqx,,cmn8ccfja00ko16qzngc8t5co,0.03125,serve,0.2259
dc_lbcs_04,cmn9ukn55000l01pi7iy59jqx,cmn8cce4b009616qzmwnpe09j,,2.34,g,0.1544
dc_lbcs_05,cmn9ukn55000l01pi7iy59jqx,cmn8ccd5g003i16qzk6nj0wf8,,50.625,g,0.0893
dc_lbcs_06,cmn9ukn55000l01pi7iy59jqx,cmn8cce4l009816qziv1pk29j,,4.69,ml,0.0455
dc_lbcs_07,cmn9ukn55000l01pi7iy59jqx,cmn8ccehw00ce16qzyq9c03w1,,56.25,g,0.0401
dc_lbcs_08,cmn9ukn55000l01pi7iy59jqx,cmn8cccir001j16qzey7j13m7,,1.5625,g,0.0111
cmqaid2rv000ml5q06cqgqhjc,cmqaid2qx000el5q05ytoxmjo,cmn8ccdvp007416qze8chw9o3,,25,ml,0.0481
cmqaid2rv000rl5q0mqlmwm4z,cmqaid2qx000el5q05ytoxmjo,cmqaid27a0002l5q071zmabuw,,65,g,2.925
cmqaid2rv000nl5q0npj7c5zt,cmqaid2qx000el5q05ytoxmjo,cmn8ccds6006c16qzfegnftpl,,20,g,0.088
cmqaid2rv000gl5q0dkrmg3h4,cmqaid2qx000el5q05ytoxmjo,cmqafvsci0003ujq0red2mek9,,60,g,0
cmqbj6xl100010vq08tgfyk4o,cmqbj6xk200000vq044y126y2,,cmqafvt7o000fujq0u9zjefn2,177,g,1.3315
cmqaj56dr000849q085w7k5ru,cmqaj56cr000749q0x772jxqj,cmn8ccfbe00i016qz968i927v,,220,g,0.44
cmqaj56dr000949q0ejhtb0p3,cmqaj56cr000749q0x772jxqj,cmn8ccddo004516qzxiydaj8t,,115,g,1.3316
cmqbj6xl100030vq0g9qqskmk,cmqbj6xk200000vq044y126y2,,cmqafvsts000aujq0jvjxdydb,25,g,0.0285
cmqbj6xl100040vq0e5mq19jk,cmqbj6xk200000vq044y126y2,cmqafvs8q0001ujq0lhvwknbz,,10,ml,0.135
cmqbj6xl100050vq0h27yq2q0,cmqbj6xk200000vq044y126y2,cmn8cccgz001f16qzu0k0bce2,,1,ea,0.12
cmqbj6xl200060vq0jes14tep,cmqbj6xk200000vq044y126y2,cmqafvsam0002ujq0seoo7iwk,,20,g,0.685
cmqbj6xl200070vq07170b77c,cmqbj6xk200000vq044y126y2,cmn8ccdcg004216qzeb1mwilf,,100,g,1.433
c2703c812c8504133b4645da81be0e7f6,dish_french_toast_01,,cmn8ccfgv00k316qzfxpevaoo,60,g,0.3593
cmqaid2rv000hl5q0pvr6hss1,cmqaid2qx000el5q05ytoxmjo,cmn8ccee000bg16qz1i4qeih1,,80,g,0.3735
cmqaid2rv000kl5q0mvzg2qwu,cmqaid2qx000el5q05ytoxmjo,cmn8ccegi00c116qz958nheka,,5,g,0.189
cmqaid2rv000il5q02snofj24,cmqaid2qx000el5q05ytoxmjo,cmqaid22v0001l5q0lanu2psk,,15,g,0.3375
cmqaj56dr000a49q0ozl6ogd0,cmqaj56cr000749q0x772jxqj,cmn8ccdl6005716qzqbvemxxu,,15,g,0.6
cmqadmypp000h63q0wmtf2e0s,cmqadmyor000963q0k7yn42ql,cmqadmy8r000163q0c7fdnmcg,,55,g,1.5787
cmqadmypp000j63q05lfsfsz3,cmqadmyor000963q0k7yn42ql,cmn8cce0u008816qzot8c0eyr,,10,g,0.4856
cmqage0ue0005b4q02ft58ca7,cmqage0tg0000b4q07mdadveh,cmn8cccl2001o16qzmqxzk1q0,,10,g,0.6385
cmqbj6xl100020vq0g1kc2p37,cmqbj6xk200000vq044y126y2,cmn8ccf7g00h716qzb94onjnt,,88.5,ml,0.3637
cmqaj56dr000c49q01av2s6xs,cmqaj56cr000749q0x772jxqj,cmn8cce8l00a816qzkxgglmi8,,5,g,0.1857
cmqaj56dr000d49q0nwsq3ktt,cmqaj56cr000749q0x772jxqj,cmn8ccf0g00fk16qznvs8a17l,,10,g,0.0235
cmqaj56dr000e49q07hp8e7n6,cmqaj56cr000749q0x772jxqj,cmn8ccecg00b416qz0r05fk2d,,10,g,0.0916
cmqaj56dr000f49q0ui7j3m2j,cmqaj56cr000749q0x772jxqj,,cmn8ccffs00jl16qzp7ordld9,20,g,0.2758
dc_cpmn_02,cmn9xrfrp001001pitoozts5a,,cmn8ccfgt00k216qzddcrirt9,56.25,g,0.3834
dc_cpmn_04,cmn9xrfrp001001pitoozts5a,cmn8ccd5g003i16qzk6nj0wf8,,9.375,g,0.0165
dc_cpm_01,cmn9xrfrp001001pitoozts5a,,cmn8ccfgt00k216qzddcrirt9,75,g,0.5112
cmqaj56dr000b49q0479zknc7,cmqaj56cr000749q0x772jxqj,cmimp43f06482c1dda4b9b77,,15,g,1.1192
cmimp0019d2eb389770440,cmn8ddmyf000401piym26gkbt,cmn8ccdf8004d16qz1kj5rrsn,,5,g,0.0965
cmimp0019d2eb389770441,cmn8ddmyf000401piym26gkbt,cmn8ccdsk006g16qzwin225ba,,10,g,0.0636
cmimp0019d2eb38977043f,cmn8ddmyf000401piym26gkbt,cmimp43f06482c1dda4b9b77,,10,g,0.7462
cmqaid2rv000ll5q07bhhb8p2,cmqaid2qx000el5q05ytoxmjo,cmn8ccdwm007916qzosd7ljjv,,1,ea,0.48
cmqaid2rv000ql5q0ytoyitff,cmqaid2qx000el5q05ytoxmjo,cmn8ccev900et16qz7r4msnmv,,50,g,0.5208
cmqaid2rv000jl5q0bx8vxfe1,cmqaid2qx000el5q05ytoxmjo,cmn8ccf3400g616qzc5i2k5g2,,10,g,0.0093
cmqaid2rv000ol5q0bs4scez8,cmqaid2qx000el5q05ytoxmjo,cmn8ccele00cx16qzgixdrrve,,25,g,1.225
cmqaid2rv000pl5q0nw9psf14,cmqaid2qx000el5q05ytoxmjo,,cmqaid2ik0005l5q04fwyeno3,160,g,1.3339
cmqadmypp000g63q0hl14aj3x,cmqadmyor000963q0k7yn42ql,cmn8ccf2i00g116qz3gjw5mkr,,40,g,0.072
cmqadmypp000i63q0obkvauaf,cmqadmyor000963q0k7yn42ql,cmqadmydi000263q0ijv3g3b0,,10,g,1.155
dc_ricotta_slice,cmn9ukrrp000r01piztz2pey8,,cmn8ccfm300lv16qzpnt66tin,0.125,ea,1.91
cmo3q72vb000101rxbp00uw4t,cmo3q72r6000001rxd71r10co,,cmo3kgr7p000101qvbzpu36lv,80,g,0.3557
dc_cpmn_01,cmn9xrfrp001001pitoozts5a,,cmn8ccfgt00k216qzddcrirt9,75,g,0.5112
dc_cpmn_03,cmn9xrfrp001001pitoozts5a,,cmn8ccfeb00j116qz4tdx4iif,84.375,g,0.0345
cmimp0019d2eb389770442,cmn8ddmyf000401piym26gkbt,cmn8cce8800a416qzvym58q04,,10,g,1.5467
cmimp0019d2eb38977043e,cmn8ddmyf000401piym26gkbt,cmn8ccdop005q16qzs734ytmm,,150,g,1.2504
dc_ricotta_whole,cmn9xr9sq000s01pihm24wjyo,,cmn8ccfm300lv16qzpnt66tin,1,serve,15.28
cmqaj569m000649q0rgmxfj2t,cmn8ddmsn000101pi5lomtn5m,,cmqaj563r000049q0pb68uhfs,1,serve,1.04
cmnzh1cr9000101p7jspj6i6z,cmn8ccfq300n616qzxv0y7jky,cmn8ccdu7006s16qznmtbwssr,,10,g,0.4444
cmnzh1cr9000a01p7td57iwn9,cmn8ccfq300n616qzxv0y7jky,cmn8cce0x008916qz3wuehovb,,150,g,2.0417
cmnzh1cr9000401p7xfd4e8hv,cmn8ccfq300n616qzxv0y7jky,cmn8ccdl1005616qz5hne29vl,,25,ml,0.0632
dc_trh_01,cmn9xrcoq000w01pi34sdiesh,,cmn8ccfgf00jx16qz11yjlu6a,150,ml,0.7075
cmo5aywnm000f01qt4yj67he3,cmo5aywne000e01qtxlc8uwjy,,cmo5arcmb000101qtxbzn9l3l,120,g,2.3098
cmimp0019d2eb389770446,cmn8ddmyf000401piym26gkbt,cmn8cccna001v16qzmqwkmj18,,100,g,5.5556
cmnzh1cr3000001p7h0csyn8l,cmn8ccfq300n616qzxv0y7jky,cmn8cce6m009m16qz4hmgg0tp,,180,g,1.26
cmimp0019d2eb389770443,cmn8ddmyf000401piym26gkbt,cmn8ccdl6005716qzqbvemxxu,,5,g,0.2
cmqbj6xl200080vq03la1xxrs,cmqbj6xk200000vq044y126y2,cmn8ccer200e616qzwbqhl3tt,,30,g,0.4014
dc_tst_04,cmn9xre86000y01piyopdyhp1,,prep_fruit_glaze_01,6,g,0.0506
dc_trb_04,cmn9xrdgi000x01piwtmbad47,,prep_fruit_glaze_01,6,g,0.0506
dc_trb_01,cmn9xrdgi000x01piwtmbad47,cmn8ccemj00d916qzzupvmnnz,,85,g,2.448
dc_trb_03,cmn9xrdgi000x01piwtmbad47,,cmn8ccfgt00k216qzddcrirt9,55,g,0.3748
cmnzh1cr9000801p7d6nyf4z6,cmn8ccfq300n616qzxv0y7jky,cmn8ccf3400g616qzc5i2k5g2,,3,g,0.0028
dc_fries_01,side_fries_01,cmn8ccdfp004f16qzvbzp9fk2,,150,g,0.6564
cmimp0019d2eb389770445,cmn8ddmyf000401piym26gkbt,,cmimp0019d2eb389620007,22,g,0.1551
cmnzh1cr9000601p73cgc4bo9,cmn8ccfq300n616qzxv0y7jky,cmn8ccdff004e16qzt2kv6hfx,,20,ml,0.04
dc_tbc_02,cmn9xrad8000t01pin66z2hrw,,cmn8ccfgt00k216qzddcrirt9,55,g,0.3748
cmnzh1cr9000301p72ud5xhjx,cmn8ccfq300n616qzxv0y7jky,cmn8cce4r009916qz44vriunw,,30,ml,0.1412
dc_tpf_03,cmn9xrbwx000v01pi3y7y2kfm,,cmn8ccfgf00jx16qz11yjlu6a,70,ml,0.3302
cmo5aywnm000g01qtbgmtcrut,cmo5aywne000e01qtxlc8uwjy,cmo5a8raz000001qtnoy0saz1,,15,g,0.3825
dc_tbl_02,cmn9xrb53000u01pizzc88ky6,,cmn8ccfgf00jx16qz11yjlu6a,140,ml,0.6603
cmq4hu3bz022a01mrc4i5j1bh,side_halloumi_01,cmn8cce04008116qz3bmhvcgx,,111,g,2.2089
dc_sausroll_01,cmn8ccfrl00np16qzmyjzrknc,,new_pork_sausroll_01,1,serve,2.9252
cmqaftq4d0008raq0f146ahr2,cmqadmyor000963q0k7yn42ql,,cmqaftpye0000raq07zs36v7m,55,ml,0.8922
cmqage0ue0003b4q037y3ag8i,cmqage0tg0000b4q07mdadveh,cmn8ccczb002y16qzs1qfnjvq,,1,ea,5.125
cmqajot4z000azjq0ohmqslai,cmqaj56cr000749q0x772jxqj,,cmqajosyg0003zjq0drxx01cm,80,ml,0.7713
cmnzh1cr9000501p7gm4mu13v,cmn8ccfq300n616qzxv0y7jky,cmn8cceb800az16qz36j5prxg,,20,ml,0.2464
cmimp0019d2eb389770444,cmn8ddmyf000401piym26gkbt,,prep_toasted_rice_01,20,g,0.0628
dc_tst_02,cmn9xre86000y01piyopdyhp1,,cmn8ccfgf00jx16qz11yjlu6a,80,ml,0.3773
cmnzh1cr9000201p70ie8gg5w,cmn8ccfq300n616qzxv0y7jky,cmn8ccdw7007616qzawph4ea6,,20,g,0.1377
cmnzh1cr9000901p7r565yycn,cmn8ccfq300n616qzxv0y7jky,cmn8ccdn8005h16qzs4klfqy9,,70,g,7.6104
dc_tbc_03,cmn9xrad8000t01pin66z2hrw,cmn8ccd5g003i16qzk6nj0wf8,,10,g,0.0176
dc_trh_02,cmn9xrcoq000w01pi34sdiesh,,cmn8ccfgt00k216qzddcrirt9,55,g,0.3748
dc_trh_04,cmn9xrcoq000w01pi34sdiesh,,cmn8ccfgb00jv16qz8a10y7g3,30,g,0.1573
dc_trh_03,cmn9xrcoq000w01pi34sdiesh,cmn8cceo700dk16qz3ok5yvd9,,0.05,ea,0.2995
dc_tst_03,cmn9xre86000y01piyopdyhp1,,cmn8ccfgt00k216qzddcrirt9,55,g,0.3748
dc_trb_02,cmn9xrdgi000x01piwtmbad47,,cmn8ccfgf00jx16qz11yjlu6a,140,ml,0.6603
cmo5aywnm000h01qtfg70qy5l,cmo5aywne000e01qtxlc8uwjy,cmn8ccehl00cc16qzm46h6b28,,8,g,0.46
dc_tbl_03,cmn9xrb53000u01pizzc88ky6,,cmn8ccfgt00k216qzddcrirt9,55,g,0.3748
dc_tbl_04,cmn9xrb53000u01pizzc88ky6,,prep_fruit_glaze_01,6,g,0.0506
dc_tpf_01,cmn9xrbwx000v01pi3y7y2kfm,,cmn8ccfky00lc16qzlt4jf9l7,55,g,0.8126
dc_tpf_02,cmn9xrbwx000v01pi3y7y2kfm,,cmn8ccfgt00k216qzddcrirt9,55,g,0.3748
dc_tbl_01,cmn9xrb53000u01pizzc88ky6,cmn8ccct1002e16qznfr3c3cv,,70,g,3.08
cmimp0019d2eb57f32fix1,cmn8ddmyf000401piym26gkbt,,cmimp0019d2eb389620008,80,ml,0.4286
cmnzh1cr9000701p7rts37vei,cmn8ccfq300n616qzxv0y7jky,cmn8ccer200e616qzwbqhl3tt,,25,g,0.3345
dc_tbc_01,cmn9xrad8000t01pin66z2hrw,,cmn8ccfgf00jx16qz11yjlu6a,170,ml,0.8018
dc_tst_01,cmn9xre86000y01piyopdyhp1,cmn8ccf1900fp16qzbjs1b4fo,,75,g,1.02
