id,preparationId,ingredientId,subPreparationId,quantity,unit,lineCost
cmna3knvg001915pizhaxhsiu,cmn8ccfkn00l716qzcmd80krl,cmn8ccf6100gt16qzwk163il8,,20,g,0.439
cmna3knvl001a15pihssjyfyl,cmn8ccfkn00l716qzcmd80krl,cmn8ccer200e616qzwbqhl3tt,,15,g,0.2007
cmna3knvr001b15piqs82jv3y,cmn8ccfkn00l716qzcmd80krl,cmn8ccdtq006p16qzbptaveyw,,30,g,0.57
cmna3knpm000x15pi8rr5pm96,cmn8ccfid00ki16qzlv0j5i9z,cmn8ccc95000v16qz4ji0434g,,400,g,2.158
cmna3knm4000k15pibb3vth0d,cmimp0019d2eb389620006,cmn8ccdf8004d16qz1kj5rrsn,,50,g,0.965
cmna3knrp001015pi9gmvxyd2,cmn8ccfmw00m516qzakt6kieh,cmn8ccdda004416qzxkanzh0e,,2500,g,20.875
cmna3knj8000c15pinil0fskq,cmn8ccfl100le16qz0sgfh7ct,cmn8ccf3y00gd16qz8efaje47,,25,g,3.4
cmna3knu0001615pixc2l61y7,cmn8ccfmw00m516qzakt6kieh,cmn8cceb200ax16qzyoeb56yv,,600,g,4.26
cmna3knfo000215pibekuge81,cmn8ccfmt00m416qz6k2vj5gt,cmn8ccf3400g616qzc5i2k5g2,,25,g,0.0231
cmna3knoh000u15pihd1nyklq,cmn8ccfcg00id16qztd8o8clr,cmn8cccrt002916qz50nmrlz0,,1,ea,20.49
cmna3knw0001c15piuu7myetf,cmn8ccfkn00l716qzcmd80krl,cmn8ccep300ds16qzz6v1hdst,,10,g,0.1533
cmna3knle000h15piilr6emhx,cmimp0019d2eb389620006,cmn8ccdsk006g16qzwin225ba,,200,g,1.2727
cmna3knw5001d15pibtr1ezek,cmn8ccfkn00l716qzcmd80krl,cmn8ccenw00di16qzp5142h5v,,15,g,0.201
cmna3knwd001e15pig03okivs,cmn8ccfkn00l716qzcmd80krl,cmn8cce0m008516qzjbknrmgm,,10,g,0.3632
cmna3knwn001f15pin4rpzluv,cmn8ccfkn00l716qzcmd80krl,cmn8ccf3g00g916qz6gpnaagc,,15,g,0.182
cmna3knux001715pixkapg1d0,cmn8ccfkn00l716qzcmd80krl,cmn8ccele00cx16qzgixdrrve,,30,g,1.47
cmna3knpb000w15pix4jrl9qk,cmn8ccfid00ki16qzlv0j5i9z,cmn8cce1c008d16qzipr2g3db,,3550,g,29.7253
cmna3knpz000y15pinifo4s6p,cmn8ccfid00ki16qzlv0j5i9z,cmn8ccdf8004d16qz1kj5rrsn,,20,g,0.386
cmna3knsy001315piamk2her0,cmn8ccfmw00m516qzakt6kieh,cmn8ccfas00hq16qza546j0xj,,20,g,0.372
cmna3knsc001215pidpi3r7rr,cmn8ccfmw00m516qzakt6kieh,cmn8ccf3400g616qzc5i2k5g2,,50,g,0.0463
cmna3knt7001415pioe4z27gf,cmn8ccfmw00m516qzakt6kieh,cmn8ccei100cg16qzen7fnosh,,20,g,0.0442
cmna3knnk000o15piwkfjtu7d,cmn8ccfcg00id16qztd8o8clr,cmn8ccc52000m16qzs39gnysa,,300,ml,0.795
cmna3knnr000p15piqobczot7,cmn8ccfcg00id16qztd8o8clr,,,35,ml,0
cmna3knto001515pi5qi9lzrq,cmn8ccfmw00m516qzakt6kieh,cmn8cce4l009816qziv1pk29j,,250,g,2.425
cmna3kngc000515pixgyh3o6x,cmn8ccfmt00m416qz6k2vj5gt,cmn8ccdwm007916qzosd7ljjv,,15,dozen,86.4
cmna3knfx000315pi3pz511kk,cmn8ccfmt00m416qz6k2vj5gt,cmn8ccfas00hq16qza546j0xj,,15,g,0.279
cmna3knf2000015piwz7dcok8,cmn8ccfmt00m416qz6k2vj5gt,cmn8ccdnx005k16qz2c9ifcch,,975,ml,6.8055
cmna3knnx000q15piudwe7qke,cmn8ccfcg00id16qztd8o8clr,cmn8ccc7e000q16qzxfpadat8,,150,g,2.67
cmna3kno1000r15pisygt1ca5,cmn8ccfcg00id16qztd8o8clr,cmn8ccc95000v16qz4ji0434g,,50,ml,0.2698
cmna3knfg000115pifd0vvemf,cmn8ccfmt00m416qz6k2vj5gt,cmn8ccdoi005o16qz5x9431ny,,650,g,12.987
cmna3knib000915pir71a7hhc,cmn8ccfjw00kv16qz3ljepi75,cmn8ccer200e616qzwbqhl3tt,,6000,g,80.28
cmna3knlw000j15pi15px1q2c,cmimp0019d2eb389620006,cmn8ccd3z003d16qz9vi0a858,,150,g,9.23
cmna3knju000e15pib2di6ame,cmn8ccfl100le16qz0sgfh7ct,cmn8cce60009h16qzmb90kuwm,,5,g,0.092
cmna3kno7000s15pih1p986yo,cmn8ccfcg00id16qztd8o8clr,cmn8ccdpu005z16qz2up6s4h4,,15,g,0.1101
cmna3knoo000v15pi6d62wswa,cmn8ccfcg00id16qztd8o8clr,cmn8cce48009516qz3g94a1yo,,80,g,1.3393
cmna3knmo000m15pia8urs23z,cmimp0019d2eb389620006,cmn8ccdl1005616qz5hne29vl,,70,ml,0.1769
cmna3knlq000i15pit2b06l2y,cmimp0019d2eb389620006,cmn8cce2t008t16qzi6o93xb6,,300,g,2.55
cmna3knmg000l15pifbu4gboe,cmimp0019d2eb389620006,cmn8ccf3400g616qzc5i2k5g2,,10,g,0.0093
cmq4p1yj4000i0vq0k98xt42f,cmq4p1yia00060vq0zblmf5od,cmn8ccdhu004n16qzr0knftob,,728,g,22.2499
cmna3knjh000d15pim0l1w7op,cmn8ccfl100le16qz0sgfh7ct,cmn8cce4l009816qziv1pk29j,,125,g,1.2125
cmq4p1yj4000j0vq0q4cfitqd,cmq4p1yia00060vq0zblmf5od,cmn8ccdh1004k16qzk2z4pxti,,728,g,26.1789
cmna3knl0000g15pibk7sz1gx,cmimp0019d2eb389620006,,cmn8ccffe00jf16qz1y3rxw9j,5000,g,88.709
cmna3knxn001i15pivn0nb4qm,cmn8ccfky00lc16qzlt4jf9l7,cmn8ccef000bp16qz35o2ckvo,,3000,g,23.76
cmna3knqf000z15pi5z3h5u7s,cmn8ccfid00ki16qzlv0j5i9z,cmn8cce60009h16qzmb90kuwm,,30,g,0.552
cmna3kng5000415pinwumrg3n,cmn8ccfmt00m416qz6k2vj5gt,cmn8ccfan00ho16qzfo96iptu,,220,g,0.9856
cmna3knv5001815picaoguujh,cmn8ccfkn00l716qzcmd80krl,cmn8cce1n008h16qzg0px23v3,,20,g,0.439
cmna3knx4001h15picnj1pscu,cmn8ccffv00jn16qzwrf8rdzj,cmn8ccczy003016qzul0og9hz,,1,kg,11.8
cmq4p1yj4000h0vq0t1j21xc2,cmq4p1yia00060vq0zblmf5od,cmn8ccdhd004l16qz1wb6lr82,,728,g,15.9614
cmna3kns1001115pi9tppemk8,cmn8ccfmw00m516qzakt6kieh,cmn8cccj3001k16qzxt53lqvs,,1000,g,2.92
cmna3knod000t15pib5d86052,cmn8ccfcg00id16qztd8o8clr,cmn8ccetb00eh16qzqxtgd887,,1,g,0.0117
cmna3knj2000b15pizkj3guab,cmn8ccfl100le16qz0sgfh7ct,cmn8ccfbt00i616qzr4xdth72,,1000,g,5.68
cmna3knii000a15pitxs6xmt2,cmn8ccfjw00kv16qz3ljepi75,cmn8cce7l009x16qz90yjvb3g,,2200,g,54.12
cmna3ko3m002615pirs9x7rnx,cmn8ccfet00ja16qzhj1ninmf,cmn8ccdi6004p16qzlnw5sher,,80,g,1.7184
cmna3ko3c002415piqit72rbf,cmn8ccfet00ja16qzhj1ninmf,cmn8cccxs002u16qzw5hx9l2f,,1200,g,3.2216
cmna3ko38002315pima6v4dyl,cmn8ccfet00ja16qzhj1ninmf,cmn8ccf6s00gz16qzm0dlc3ed,,2,kg,32
cmna3ko51002c15piyak3r1eu,cmn8ccfhc00k916qzrnc8mzlq,cmn8ccf5k00go16qziv7wgf1o,,1,ea,0.3458
cmna3ko8p002s15pidwpj0qby,cmn8ccfgd00jw16qzeavb0tqt,,cmn8ccfjf00kq16qzldg6xe79,1000,ml,7.52
cmna3ko46002815piqyfpi4rj,cmn8ccfh400k716qz9x39lptb,cmn8ccdxw007l16qzrqlq9baa,,300,g,2.846
cmna3knxz001k15pijtuklxf9,cmn8ccfky00lc16qzlt4jf9l7,cmn8ccdry006a16qzd812bt6x,,72,ea,14.4
cmna3ko5p002i15piorub6mm7,cmn8ccfhc00k916qzrnc8mzlq,cmn8ccd8n003r16qzy8tyi4c1,,60,g,2.97
cmna3ko4m002b15pi0ttgmlc7,cmn8ccfh400k716qz9x39lptb,cmn8ccegi00c116qz958nheka,,2,g,0.0756
cmna3ko18001x15piyqdm2tz0,cmn8ccfll00lp16qz54igr8ot,cmn8ccebq00b316qzna2yulkw,,30,g,0.2652
cmna3ko58002e15pis6u5guza,cmn8ccfhc00k916qzrnc8mzlq,cmn8ccdzi007x16qz3917g8jw,,30,g,0.24
cmna3ko5x002j15piji2zriu9,cmn8ccfhc00k916qzrnc8mzlq,,cmn8ccfmt00m416qz6k2vj5gt,160,g,1.8102
cmna3ko5b002f15pinhd88dvz,cmn8ccfhc00k916qzrnc8mzlq,cmn8cccg7001d16qzg286apay,,20,g,0.322
cmna3ko55002d15piyxsfr2y9,cmn8ccfhc00k916qzrnc8mzlq,,cmn8ccfld00ll16qzuvc4q19e,25,g,0.285
cmna3ko5j002h15pi9x1v0lxw,cmn8ccfhc00k916qzrnc8mzlq,,cmn8ccflr00lr16qzsh8vckiz,1,serve,0.5202
cmna3ko7l002p15pi7ugn7z44,cmn8ccfjf00kq16qzldg6xe79,cmn8ccf3400g616qzc5i2k5g2,,5,g,0.0046
cmna3ko6s002m15pitqdj26zd,cmn8ccfjf00kq16qzldg6xe79,cmn8cceb200ax16qzyoeb56yv,,700,ml,4.97
cmna3ko7q002q15pije4s1s3v,cmn8ccfjf00kq16qzldg6xe79,cmn8cccrt002916qz50nmrlz0,,5,g,0.1025
cmna3ko7f002o15piqp6c8z4i,cmn8ccfjf00kq16qzldg6xe79,cmn8ccebi00b116qzgsr52n6x,,100,g,0.2102
cmna3ko70002n15piwij4pzh9,cmn8ccfjf00kq16qzldg6xe79,cmn8ccdpu005z16qz2up6s4h4,,40,g,0.2936
cmna3ko9d002u15pits08pyie,cmn8ccfn100m716qz6yalaknp,cmn8cceup00er16qzp4j23awp,,2,kg,80.4124
cmna3ko01001r15piv0rq98jq,cmn8ccfll00lp16qz54igr8ot,cmn8cceix00co16qz46n8lqt6,,5000,g,74.5
cmna3ko4d002915piaataobef,cmn8ccfh400k716qz9x39lptb,cmn8cce7s009z16qzxvas9woe,,950,g,10.45
cmna3ko0c001s15piqnyxr1rg,cmn8ccfll00lp16qz54igr8ot,cmn8ccf3400g616qzc5i2k5g2,,50,g,0.0463
cmna3ko0o001u15pipvb3ejay,cmn8ccfll00lp16qz54igr8ot,cmn8ccepu00dw16qz8i1ptm4b,,20,g,0.5627
cmna3ko0k001t15piiv9dyd0j,cmn8ccfll00lp16qz54igr8ot,cmn8ccegi00c116qz958nheka,,5,g,0.189
cmna3ko0u001v15pixvqx0sgx,cmn8ccfll00lp16qz54igr8ot,cmn8cceqo00e316qzxjgpwyw4,,20,g,0.819
cmna3ko12001w15pi01h7wkmh,cmn8ccfll00lp16qz54igr8ot,cmn8ccdwh007816qzjszfjjcs,,30,g,0.2997
cmna3ko1f001y15piyvmh900h,cmn8ccfll00lp16qz54igr8ot,cmn8ccepu00dw16qz8i1ptm4b,,20,g,0.5627
cmna3ko1n001z15pigvp7cwpw,cmn8ccfll00lp16qz54igr8ot,cmn8cceqo00e316qzxjgpwyw4,,20,g,0.819
cmna3ko9t002v15pi0p48ksxx,cmn8ccfn100m716qz6yalaknp,,,30,ml,0
cmna3koa1002w15piq4b2liy7,cmn8ccfn100m716qz6yalaknp,cmn8ccf3400g616qzc5i2k5g2,,10,g,0.0093
cmna3koae002x15pirlyntf6w,cmn8ccfn100m716qz6yalaknp,cmn8ccdos005r16qzxdnylhe6,,4,g,0.0834
cmna3koao002y15pit07lcv0h,cmn8ccfn100m716qz6yalaknp,cmn8ccee800bi16qzmj98xp22,,4,g,0.0551
cmna3koau002z15pitvxb1iv2,cmn8ccfn100m716qz6yalaknp,cmn8ccf6l00gx16qzf8ar86zv,,2,g,0.0185
cmna3kob2003115piu2qr2mup,cmn8ccfn100m716qz6yalaknp,cmn8ccdvw007516qza6so3ovr,,2,g,0.048
cmna3knyr001n15pi380dn4g0,cmn8ccfmp00m316qz5hoc2omb,cmn8ccd5g003i16qzk6nj0wf8,,100,g,0.1764
cmna3knz6001q15pibar64a71,cmn8ccfmp00m316qz5hoc2omb,cmn8cce5b009d16qz4skqdxg5,,525,ml,1.303
cmna3knye001l15pi8vhbjurb,cmn8ccfmp00m316qz5hoc2omb,cmn8ccchy001h16qzd99l3yk2,,1000,g,0.6
cmna3knz1001p15pi91mu0ofn,cmn8ccfmp00m316qz5hoc2omb,cmn8cccir001j16qzey7j13m7,,60,g,0.426
cmowhtsid000416p050aw85c2,cmowhtsi6000216p0hem8p68q,cmn8cceew00bo16qz4bwh9ad6,,4000,ml,24.1143
cmna3ko4g002a15pi8c8dryc0,cmn8ccfh400k716qz9x39lptb,cmn8ccf3400g616qzc5i2k5g2,,2,g,0.0019
cmna3ko3j002515pi8z73dyvp,cmn8ccfet00ja16qzhj1ninmf,cmn8ccd5g003i16qzk6nj0wf8,,800,g,1.4112
cmna3knxt001j15pi9bph2hkd,cmn8ccfky00lc16qzlt4jf9l7,cmn8ccdk5005216qz0ryvd28g,,6570,g,57.8825
cmna3ko8u002t15piw8ws1ays,cmn8ccfgd00jw16qzeavb0tqt,cmn8ccd5g003i16qzk6nj0wf8,,100,g,0.1764
cmna3ko1v002015pi3meru7g1,cmn8ccfll00lp16qz54igr8ot,cmn8ccekh00cu16qzh951pv4l,,100,g,0.642
cmowhtsid000316p03jbmrwnm,cmowhtsi6000216p0hem8p68q,cmowhts9u000016p006gy4242,,2400,g,10.2578
cmna3ko2o002215pik9nxbseh,cmn8ccfey00jb16qziw6fotad,,cmn8ccfet00ja16qzhj1ninmf,975,g,6.0945
cmna3koay003015pi0qvi2if4,cmn8ccfn100m716qz6yalaknp,cmn8ccdwh007816qzjszfjjcs,,1,g,0.01
cmna3ko6m002l15piabu1r9sf,cmn8ccfjf00kq16qzldg6xe79,cmn8cce4l009816qziv1pk29j,,200,ml,1.94
cmna3knym001m15pirk4si9xf,cmn8ccfmp00m316qz5hoc2omb,cmn8ccczy003016qzul0og9hz,,100,g,1.18
cmna3ko5f002g15piprxqj06t,cmn8ccfhc00k916qzrnc8mzlq,,cmn8ccfit00kl16qzvjriw6iz,15,g,0.0273
cmna3kou9004i15piz9tvw3bd,cmn8ccfep00j816qz0ovz8ahc,cmn8ccfbo00i416qz9vh7ebds,,30,g,0.2118
cmna3koui004j15pift1v65w6,cmn8ccfep00j816qz0ovz8ahc,cmn8ccf6s00gz16qzm0dlc3ed,,125,g,2
cmna3koup004k15pinmxo2u7m,cmn8ccfep00j816qz0ovz8ahc,cmn8ccdim004u16qz7zw2m3kp,,240,g,6.564
cmna3kosz004f15piw6ob7j48,cmn8ccfep00j816qz0ovz8ahc,cmn8ccchy001h16qzd99l3yk2,,1600,g,0.96
cmna3koc4003415pi0p5d579n,cmn8ccfg000jp16qzdf9401zk,cmn8ccf6w00h016qz8qfgiufq,,400,g,4.72
cmna3kocl003715pijbv4qund,cmn8ccfg000jp16qzdf9401zk,cmn8ccehw00ce16qzyq9c03w1,,600,g,0.4277
cmna3koqf004c15pis3d1zfcb,cmn8ccff400jd16qz06ibgy2f,cmn8ccf3400g616qzc5i2k5g2,,50,g,0.0463
cmna3kods003f15pi1lhk1d1q,cmn8ccfkb00l216qzzw9ubpkv,cmn8ccd5g003i16qzk6nj0wf8,,300,g,0.5292
cmna3komz004715pi55an8mwd,cmn8ccfht00kc16qz0h8gno8t,cmn8cce32008v16qzqz80hdf9,,4,ea,15.96
cmna3koc8003515pic33e1moi,cmn8ccfg000jp16qzdf9401zk,cmn8ccd5g003i16qzk6nj0wf8,,20,g,0.0353
cmna3koqs004d15piy0wsyypf,cmn8ccff400jd16qz06ibgy2f,cmn8ccd5g003i16qzk6nj0wf8,,500,g,0.882
cmna3komp004515pio14bjn6i,cmn8ccfht00kc16qz0h8gno8t,cmn8cccy9002v16qzy4145erv,,2,kg,19.2
cmna3kopd004a15pi7z4vf45w,cmn8ccff400jd16qz06ibgy2f,cmn8cce4l009816qziv1pk29j,,700,g,6.79
cmna3kore004e15pisz47qs3u,cmn8ccff400jd16qz06ibgy2f,cmn8cceb200ax16qzyoeb56yv,,750,g,5.325
cmna3kojp003y15pifyhq3nul,cmn8ccfhm00kb16qzzz8wxwhf,cmn8ccd57003h16qzyhvpriny,,3000,g,69.48
cmna3kom6004215piba6k24sa,cmn8ccfht00kc16qz0h8gno8t,cmn8cccvm002p16qzvyrwgznl,,2000,g,17.0213
cmna3komc004315pivy0920m8,cmn8ccfht00kc16qz0h8gno8t,cmn8ccd5r003j16qzn0kldfg2,,4,ea,29.8
cmna3kodz003g15pi7mwpx9re,cmn8ccfkb00l216qzzw9ubpkv,cmn8ccf1j00fr16qzglr5y1mj,,450,g,4.95
cmna3kod5003915pidnndrv9a,cmn8ccfkb00l216qzzw9ubpkv,cmn8ccf6w00h016qz8qfgiufq,,250,g,2.95
cmna3koda003a15pin4duqhca,cmn8ccfkb00l216qzzw9ubpkv,cmn8ccd05003116qzmairua7c,,360,ml,2.202
cmna3kodi003c15pigmp7sm9g,cmn8ccfkb00l216qzzw9ubpkv,cmn8ccf7000h116qzzkon5bb1,,4,g,0.1758
cmna3kodf003b15pidxx34ftl,cmn8ccfkb00l216qzzw9ubpkv,cmn8ccdwm007916qzosd7ljjv,,2,ea,0.96
cmna3kohn003t15pivf9m52lh,cmn8ccfja00ko16qzngc8t5co,cmn8ccdo6005l16qz70qf22io,,1020,g,20.5326
cmna3komv004615pirec82cjj,cmn8ccfht00kc16qz0h8gno8t,cmn8ccdyp007s16qzi464zhkn,,4,kg,22.6
cmna3kofg003k15piochk5wr8,cmn8ccfnz00mm16qzzv2z8yza,cmn8ccder004b16qz876pxlev,,4000,g,42
cmna3kofs003m15pivx7nxgnv,cmn8ccfnz00mm16qzzv2z8yza,cmn8ccf5500gj16qzpi1cp5rl,,4000,g,28.6667
cmna3kojz003z15pipedibn4d,cmn8ccfhm00kb16qzzz8wxwhf,cmn8cce7l009x16qz90yjvb3g,,8000,g,196.8
cmna3kog6003o15pioud8q6zu,cmn8ccfnz00mm16qzzv2z8yza,cmn8ccedr00bd16qzpxzgt7cn,,900,g,5.148
cmna3koin003w15pi83yblppg,cmn8ccfja00ko16qzngc8t5co,cmn8ccdwm007916qzosd7ljjv,,6,ea,2.88
cmna3kohv003u15pirtrknjsq,cmn8ccfja00ko16qzngc8t5co,cmn8ccd5g003i16qzk6nj0wf8,,2100,g,3.7044
cmna3kog0003n15piucgrpo2x,cmn8ccfnz00mm16qzzv2z8yza,cmn8ccevh00eu16qzf628txxo,,120,g,1.5936
cmna3koix003x15piopa00s41,cmn8ccfja00ko16qzngc8t5co,cmn8cce4l009816qziv1pk29j,,50,ml,0.485
cmna3koes003j15pilq93j223,cmn8ccfnf00md16qz5a5ugnx1,cmn8ccfaz00ht16qzkjruiviu,,1000,g,27.5
cmowhtsid000716p07p1wlcvm,cmowhtsi6000216p0hem8p68q,cmn8ccd6u003n16qzz9ncqdlj,,360,g,3
cmowhtsid000516p0l3810wve,cmowhtsi6000216p0hem8p68q,cmn8ccebm00b216qz8sp7y9ri,,300,g,1.1455
cmna3kogn003r15pi6zu2ilty,cmn8ccfnz00mm16qzzv2z8yza,cmn8ccdf1004c16qzuxtqmm05,,50,g,0.8475
cmna3kofm003l15pipwgd71fg,cmn8ccfnz00mm16qzzv2z8yza,cmn8cceg200bv16qzga1i69ac,,1000,ml,11.08
cmna3kogi003q15piyjp9zcp7,cmn8ccfnz00mm16qzzv2z8yza,cmn8cce38008w16qzq4e2wkmn,,360,ml,3.1703
cmna3kogr003s15pizf14poa5,cmn8ccfnz00mm16qzzv2z8yza,cmn8cceua00eo16qzjx32sq2r,,2,kg,39
cmna3kodp003e15pi4nkz4cwj,cmn8ccfkb00l216qzzw9ubpkv,cmn8ccetm00ek16qz3hnlsj6p,,600,g,0.4406
cmna3kob8003215piwl0wh22y,cmn8ccfn100m716qz6yalaknp,cmn8ccdp1005u16qz9g3m3hje,,5,g,0.0601
cmna3kopt004b15pifk48c549,cmn8ccff400jd16qz06ibgy2f,cmn8cce6b009j16qzg2s1w0j3,,750,g,7.9575
cmna3kou0004h15pigjfycikv,cmn8ccfep00j816qz0ovz8ahc,cmn8ccf3400g616qzc5i2k5g2,,37,g,0.0343
cmna3koi7003v15pip2f60b36,cmn8ccfja00ko16qzngc8t5co,cmn8cce4b009616qzmwnpe09j,,20,g,1.32
cmna3kon7004815pihz6rui8m,cmn8ccfht00kc16qz0h8gno8t,cmn8ccf0g00fk16qznvs8a17l,,30,ea,7.05
cmna3kolc004115piyzqw01wy,cmn8ccfgn00jz16qz3o92s5kq,cmn8ccdk5005216qz0ryvd28g,,395,g,3.48
cmna3koo3004915pimqh7l09l,cmn8ccfkr00l816qz9a7p37wp,cmn8cceda00b716qz0h7areay,,6.5,kg,12.155
cmna3koeo003i15pizyu6pnun,cmn8ccfnf00md16qz5a5ugnx1,,cmn8ccfi100ke16qz295vk30s,1000,g,5.153
cmna3kokf004015pi10bavtte,cmn8ccfhm00kb16qzzz8wxwhf,cmn8ccdm1005c16qzgh0ifr6z,,60,g,0.6632
cmna3koce003615pinn06pjyc,cmn8ccfg000jp16qzdf9401zk,cmn8ccf3400g616qzc5i2k5g2,,3,g,0.0028
cmna3kogd003p15pi0928bi7d,cmn8ccfnz00mm16qzzv2z8yza,cmn8ccf3400g616qzc5i2k5g2,,84,g,0.0778
cmowhtsid000616p0u7v28pax,cmowhtsi6000216p0hem8p68q,cmn8ccdt2006k16qzmvx2f08b,,3,ea,6
cmna3kp2c005a15pin5m18ult,cmn8ccfdf00iq16qzc2xpbzfs,cmn8cccq2002316qz9ackse2y,,16,kg,330
cmna3kp4n006015piiehshx76,cmn8ccfg200jq16qzhkbx3j83,cmn8ccd5g003i16qzk6nj0wf8,,10,g,0.0176
cmna3kp30005j15pibwpn57we,cmn8ccfe500iy16qzzagcoxu8,cmn8ccevw00ew16qz95irbef5,,10,kg,98
cmna3kp1u005815pisu472de1,cmn8ccfh700k816qzntj9ely1,cmn8ccf7g00h716qzb94onjnt,,15,l,61.65
cmna3kp1y005915pif0cbi3vw,cmn8ccfh700k816qzntj9ely1,cmn8ccdtt006q16qzcks7c3mw,,600,ml,2.6897
cmna3kozw004y15pi45deg3gs,cmn8ccfh700k816qzntj9ely1,,cmn8ccfo300mo16qzweiout7g,1,serve,3.69
cmna3kp2t005h15piqgj9uyzm,cmn8ccfl900lj16qz8kpvd20u,cmn8ccdw7007616qzawph4ea6,,30,g,0.2066
cmna3kp2s005g15pi8jjjp0q6,cmn8ccfl900lj16qz8kpvd20u,cmn8cceo300dj16qzvf9idiit,,300,ml,1.053
cmna3kp2q005f15pipcu2hk8t,cmn8ccfl900lj16qz8kpvd20u,cmn8cccrt002916qz50nmrlz0,,10,g,0.2049
cmna3koxy004u15piglk39u70,cmn8ccfm800lw16qz2yi8pvzq,cmn8ccctg002g16qz3mns6yns,,18,g,1.6344
cmna3kp53006215pis8zhwlns,cmn8ccfgk00jy16qzrdudubaq,cmn8ccd5g003i16qzk6nj0wf8,,330,g,0.5821
cmna3kp4z006115pis86b5e40,cmn8ccfgk00jy16qzrdudubaq,cmn8ccehw00ce16qzyq9c03w1,,1950,g,1.39
cmna3koxu004t15pihqtntgfe,cmn8ccfm800lw16qz2yi8pvzq,cmn8ccf3400g616qzc5i2k5g2,,18,g,0.0167
cmna3kp2u005i15pi340wq4e2,cmn8ccfl900lj16qz8kpvd20u,cmn8ccen600dd16qzybqxh7gh,,1,ea,0.0021
cmna3kp2n005d15pih4siiez3,cmn8ccfl900lj16qz8kpvd20u,cmn8cccxs002u16qzw5hx9l2f,,130,g,0.349
cmna3kp3t005s15pi78pnze28,cmn8ccfog00mu16qz06rtezrz,cmn8ccf7500h316qzcibsobqu,,40,g,3.475
cmna3kp04004z15pikyz7uqo3,cmn8ccfh700k816qzntj9ely1,cmn8cceb800az16qz36j5prxg,,600,ml,7.392
cmna3kp0a005015pi5obj7iaa,cmn8ccfh700k816qzntj9ely1,cmn8ccdx7007f16qzomqve5d5,,200,g,1.64
cmna3kp0k005215pic2k6xx3k,cmn8ccfh700k816qzntj9ely1,cmn8cce5e009e16qzm8ndj9g1,,6,ea,17.7
cmna3kp1p005715pip6tsbefa,cmn8ccfh700k816qzntj9ely1,cmn8ccdiq004v16qzl8hjsn1c,,5,l,25.5
cmna3kp0z005415pibmv8wsr5,cmn8ccfh700k816qzntj9ely1,cmn8cce6h009k16qzyytgyu9g,,0.5,ea,5.475
cmna3kp3c005n15pi70hkfzq3,cmn8ccfgf00jx16qz11yjlu6a,cmn8ccf1q00fu16qz7r2i59cs,,1200,g,2.8344
cmna3kp16005515pi03mikac7,cmn8ccfh700k816qzntj9ely1,cmn8cce4l009816qziv1pk29j,,750,ml,7.275
cmna3kp1i005615pi94qndt6a,cmn8ccfh700k816qzntj9ely1,cmn8cccxs002u16qzw5hx9l2f,,2600,g,6.9801
cmna3kp4e005x15pi8terbc66,cmn8ccfgz00k516qz6hjximgr,cmn8ccc6e000o16qztldgl0co,,15,g,0.378
cmna3kp4f005y15pikicawbhc,cmn8ccfgz00k516qz6hjximgr,cmn8ccemj00d916qzzupvmnnz,,10,g,0.288
cmna3kp42005u15pitjftoaup,cmn8ccfhi00ka16qzivmkl8j0,,cmn8ccfd200il16qzn5x0bm3e,950,g,7.6377
cmna3kp44005v15pix0wmng7h,cmn8ccfhi00ka16qzivmkl8j0,cmn8ccf0s00fm16qzrdsfv724,,150,g,1.9865
cmowhtsid000c16p03oayjhrr,cmowhtsi6000216p0hem8p68q,cmn8ccdie004r16qzgwl5lx42,,1,g,0.0298
cmowhtsid000a16p0p5hh6pd2,cmowhtsi6000216p0hem8p68q,cmn8cccl2001o16qzmqxzk1q0,,4,ea,25.5385
cmowhtsid000816p0yetyxl36,cmowhtsi6000216p0hem8p68q,cmn8ccdx7007f16qzomqve5d5,,30,g,0.246
cmna3kowm004o15pi0crrlnj1,cmn8ccfm800lw16qz2yi8pvzq,cmn8ccdlp005a16qz5ettqeq4,,203,g,0.1072
cmna3koy5004v15pigiumhhji,cmn8ccfm800lw16qz2yi8pvzq,cmn8cce48009516qz3g94a1yo,,100,g,1.6741
cmna3koww004p15piyb8x1i78,cmn8ccfm800lw16qz2yi8pvzq,cmn8ccd5g003i16qzk6nj0wf8,,1598,g,2.8189
cmna3koxa004r15pifp7ddhuf,cmn8ccfm800lw16qz2yi8pvzq,cmn8ccdry006a16qzd812bt6x,,1283,g,12.83
cmna3koxi004s15piezfjhy6u,cmn8ccfm800lw16qz2yi8pvzq,cmn8cce4l009816qziv1pk29j,,345,ml,3.3465
cmna3kox2004q15piq3pc9h7w,cmn8ccfm800lw16qz2yi8pvzq,cmn8ccdnx005k16qz2c9ifcch,,3465,ml,24.1857
cmowhtsid000916p0wj3qxu23,cmowhtsi6000216p0hem8p68q,cmn8ccdw7007616qzawph4ea6,,70,g,0.482
cmna3kp3r005r15pi57sdxbbq,cmn8ccfog00mu16qz06rtezrz,cmn8ccfby00i816qzmk1jbdro,,2000,g,10.38
cmna3kovm004m15pik65f0d78,cmn8ccfep00j816qz0ovz8ahc,cmn8ccf8h00hf16qzp111hwwi,,550,ml,0
cmna3kp2f005b15pi4xf024ms,cmn8ccfdf00iq16qzc2xpbzfs,cmn8cceze00fc16qzjkzlwmey,,1100,ml,11.0428
cmna3koz8004x15pi46aak2lj,cmn8ccfj000km16qzyd5slr2i,,cmn8ccffv00jn16qzwrf8rdzj,95,g,0.6261
cmna3kp40005t15pifk0l0dt8,cmn8ccfhi00ka16qzivmkl8j0,cmn8cce7s009z16qzxvas9woe,,950,g,10.45
cmna3kp2p005e15pibtplo9vq,cmn8ccfl900lj16qz8kpvd20u,cmn8ccf3400g616qzc5i2k5g2,,30,g,0.0278
cmna3kp4c005w15pis1ddrpkt,cmn8ccfgz00k516qz6hjximgr,,cmn8ccfgx00k416qz7dtjmbe0,90,g,0.834
cmna3kp0q005315pir1cikhcj,cmn8ccfh700k816qzntj9ely1,cmn8ccdp1005u16qz9g3m3hje,,50,g,0.6005
cmna3kp34005l15pi1kbr8vlc,cmn8ccfe500iy16qzzagcoxu8,cmn8cccxs002u16qzw5hx9l2f,,2.5,kg,6.7117
cmna3kp55006315picc4efbqb,cmn8ccfgk00jy16qzrdudubaq,cmn8ccf3400g616qzc5i2k5g2,,27,g,0.025
cmna3kow8004n15pievysmtbx,cmn8ccfm800lw16qz2yi8pvzq,cmn8cccz0002x16qz45zzq4lt,,3,kg,40
cmna3kp4m005z15pioz7a2wws,cmn8ccfg200jq16qzhkbx3j83,,cmn8ccfg000jp16qzdf9401zk,125,g,0.506
cmna3kp3b005m15pi17otumpq,cmn8ccfgf00jx16qz11yjlu6a,ing_milk_capo_brown,,6,l,10.71
cmowhtsid000b16p017nkd40j,cmowhtsi6000216p0hem8p68q,cmn8ccdlb005816qzpmozxk83,,30,g,0.384
cmna3kp61006h15pienfesyv8,cmn8ccfd400im16qz8dzqcws1,cmn8ccfas00hq16qza546j0xj,,10,g,0.186
cmna3kp62006i15pipy33ul7a,cmn8ccfd400im16qz8dzqcws1,cmn8ccf5z00gs16qztcga010g,,60,ml,5.3976
cmna3kp5l006915piq5h7j7pv,cmn8ccfd400im16qz8dzqcws1,cmn8ccer200e616qzwbqhl3tt,,500,g,6.69
cmna3kp5o006a15pixeo77kaa,cmn8ccfd400im16qz8dzqcws1,cmn8cce8e00a616qzzowi93tf,,6000,g,11.06
cmna3kp5q006b15piyh5ezy7q,cmn8ccfd400im16qz8dzqcws1,cmn8ccdxs007k16qzzj28skv3,,200,g,4.5
cmna3kp5u006d15pirk4ov29k,cmn8ccfd400im16qz8dzqcws1,cmn8ccev900et16qz7r4msnmv,,300,g,3.125
cmna3kp6d006m15piuqdi93y1,cmimp0019d2eb389620007,cmn8ccetf00ei16qzsocqx65i,,6,g,0.1684
cmna3kp9x007515pieolgnha5,cmn8ccfl700li16qze6ijvoax,cmn8ccee800bi16qzmj98xp22,,40,g,0.5508
cmna3kp5w006e15pizo0kon7x,cmn8ccfd400im16qz8dzqcws1,cmn8ccdtq006p16qzbptaveyw,,200,g,3.8
cmna3kp96006z15pik4s81xsm,cmn8ccfjq00kt16qzgsskyc4p,cmn8cccxs002u16qzw5hx9l2f,,2.28,kg,6.121
cmna3kp5y006f15pi2x1i6k78,cmn8ccfd400im16qz8dzqcws1,cmn8ccf1y00fw16qzs8a77mff,,100,g,0.89
cmna3kp5z006g15pipiq3y836,cmn8ccfd400im16qz8dzqcws1,cmn8ccf3400g616qzc5i2k5g2,,10,g,0.0093
cmna3kp73006r15pier6p1cnu,cmn8ccfg600js16qz8dhl074n,cmn8ccf3400g616qzc5i2k5g2,,5,g,0.0046
cmna3kp6o006p15pixhwfiw19,cmn8ccfg600js16qz8dhl074n,cmn8ccdk5005216qz0ryvd28g,,45,g,0.3965
cmna3kp6w006q15piggaurc51,cmn8ccfg600js16qz8dhl074n,,cmn8ccfgp00k016qzaajgqptm,35,g,0.2317
cmna3kp9v007415pihnp2zorb,cmn8ccfl700li16qze6ijvoax,cmn8ccf6500gu16qzoeoxjzp1,,40,g,0.3892
cmna3kp9y007615piypkkdi80,cmn8ccfl700li16qze6ijvoax,cmn8ccdq8006116qzvngx3xw3,,4,ea,13.6
cmna3kp58006515piikl0udvy,cmn8ccfgk00jy16qzrdudubaq,cmn8ccdwm007916qzosd7ljjv,,6,ea,2.88
cmna3kpau007e15piknzuxuqb,cmn8ccfdo00it16qzv8u178ec,cmn8ccehw00ce16qzyq9c03w1,,1950,g,1.39
cmna3kp9z007715pibo1dy7rk,cmn8ccfl700li16qze6ijvoax,cmn8ccdop005q16qzs734ytmm,,30,kg,250.084
cmna3kp5c006615piqliqms2g,cmn8ccfgk00jy16qzrdudubaq,ing_milk_capo_brown,,725,ml,1.2941
cmna3kpa1007815pi3kt83d0y,cmn8ccfl700li16qze6ijvoax,cmn8ccclz001q16qz956pk73h,,20,g,0.752
cmna3kpb6007j15piqd8pwcpc,cmn8ccfdo00it16qzv8u178ec,cmn8ccf6w00h016qz8qfgiufq,,360,g,4.248
cmna3kpa2007915pixzysw9wf,cmn8ccfl700li16qze6ijvoax,cmn8ccfav00hr16qznb8sg45c,,15,l,20.0325
cmna3kp9s007215pi5nfbnbn9,cmn8ccfl700li16qze6ijvoax,cmn8ccf3400g616qzc5i2k5g2,,500,g,0.4629
cmna3kpa5007a15piejsawfuw,cmn8ccfl700li16qze6ijvoax,cmn8ccfbr00i516qzu7bdwqo8,,400,g,6.808
cmna3kp7i006s15pixn17ovhu,cmn8ccfmf00lz16qzjjo5wp2h,cmn8ccf3400g616qzc5i2k5g2,,1500,g,1.3886
cmna3kp8g006x15pi64lgg62q,cmn8ccfn800ma16qztoug5mzm,,cmn8ccfli00lo16qzygimca22,1,serve,0.938
cmna3kp80006u15pi0iiyihyn,cmn8ccfn800ma16qztoug5mzm,,cmn8ccfma00lx16qzsk3w9ujv,30,g,0.1575
cmna3kp8c006w15piikmdpvhj,cmn8ccfn800ma16qztoug5mzm,,cmn8ccfog00mu16qz06rtezrz,100,g,0.6794
cmowhtsid000d16p0b2zioaez,cmowhtsi6000216p0hem8p68q,cmn8cccxs002u16qzw5hx9l2f,,840,g,2.2551
cmna3kp91006y15piznh5oqy7,cmn8ccfjq00kt16qzgsskyc4p,cmn8cccgm001e16qzve6vs21e,,12,kg,186
cmna3kpb2007h15pik1ys9ji5,cmn8ccfdo00it16qzv8u178ec,cmn8ccfbo00i416qz9vh7ebds,,72,g,0.5083
cmna3kpb8007k15pisqm11g5e,cmn8ccfdo00it16qzv8u178ec,ing_milk_capo_brown,,662.5,ml,1.1826
cmna3kpay007g15pi5b5gpqms,cmn8ccfdo00it16qzv8u178ec,cmn8ccf3400g616qzc5i2k5g2,,27,g,0.025
cmna3kpb5007i15pidmtr7a3x,cmn8ccfdo00it16qzv8u178ec,cmn8ccdwm007916qzosd7ljjv,,6,ea,2.88
cmna3kp6b006l15pie7o0jw3k,cmimp0019d2eb389620007,cmn8ccdf8004d16qz1kj5rrsn,,15,g,0.2895
cmna3kp6e006n15pi8oqkji1n,cmimp0019d2eb389620007,cmn8ccdlb005816qzpmozxk83,,6,g,0.0768
cmna3kp68006j15pi0virh89h,cmimp0019d2eb389620007,cmn8cceom00dp16qzx7vztk3y,,500,g,2.82
cmowhtsid000f16p0btz4xy6d,cmowhtsi6000216p0hem8p68q,cmowhtsbf000116p04g59t3br,,160,g,0.6955
cmowhtsid000g16p0s67dxsk0,cmowhtsi6000216p0hem8p68q,cmn8cceb800az16qz36j5prxg,,45,ml,0.5544
cmna3kp7m006t15piwnik1yzp,cmn8ccfmf00lz16qzjjo5wp2h,cmn8ccd5g003i16qzk6nj0wf8,,900,g,1.5876
cmna3kp86006v15piic1ruws7,cmn8ccfn800ma16qztoug5mzm,cmn8ccf1d00fq16qzut2b10c3,,0.16,ea,0.352
cmna3kp9d007015pismir2obc,cmn8ccfjq00kt16qzgsskyc4p,cmn8cce7l009x16qz90yjvb3g,,4.75,l,116.85
cmna3kpax007f15pic4183usu,cmn8ccfdo00it16qzv8u178ec,cmn8ccd5g003i16qzk6nj0wf8,,330,g,0.5821
cmowhtsid000e16p0h5f3ppy8,cmowhtsi6000216p0hem8p68q,cmn8cceo300dj16qzvf9idiit,,800,ml,2.808
cmna3kp6l006o15pilwbcepsb,cmn8ccfg600js16qz8dhl074n,,cmn8ccfg000jp16qzdf9401zk,125,g,0.506
cmna3kp9u007315pi7tb2pmy3,cmn8ccfl700li16qze6ijvoax,cmn8ccevw00ew16qz95irbef5,,5,kg,49
cmna3kp5k006815piqln4h8wx,cmn8ccfd400im16qz8dzqcws1,cmn8ccehw00ce16qzyq9c03w1,,500,g,0.3564
cmna3kp5e006715pi18otgn5b,cmn8ccfgk00jy16qzrdudubaq,cmn8ccf6s00gz16qzm0dlc3ed,,360,g,5.76
cmna3kp69006k15pipvot4yiz,cmimp0019d2eb389620007,cmn8ccf4k00gf16qzkxlj1hs6,,15,g,0.4645
cmq4p1yd900010vq0sn2vkm2u,cmq4p1yc900000vq0amcxottq,cmn8cce20008l16qz5no08ewr,,2000,g,5.2867
cmna3kpjs008x15pi7xtue5pf,cmn8ccffk00jh16qz0dwaxpxx,cmn8ccfby00i816qzmk1jbdro,,40,g,0.2076
cmna3kpjb008o15piyodsye0o,cmn8ccffk00jh16qz0dwaxpxx,cmn8cccrt002916qz50nmrlz0,,3,g,0.0615
cmna3kpjt008y15pidsdask5g,cmn8ccffk00jh16qz0dwaxpxx,cmn8ccf0300fi16qzcimzluvc,,120,g,2.4044
cmna3kpje008p15piorwtf8ed,cmn8ccffk00jh16qz0dwaxpxx,cmn8ccdw7007616qzawph4ea6,,11,g,0.0757
cmna3kpjn008t15pi564ulrmd,cmn8ccffk00jh16qz0dwaxpxx,cmn8ccdus006x16qznc4bxdu3,,55,g,0.4956
cmna3kpkd009215piavxirtir,cmn8ccfgt00k216qzddcrirt9,cmn8ccf3400g616qzc5i2k5g2,,68,g,0.0629
cmna3kpki009315pi6fs4o3ts,cmn8ccfgt00k216qzddcrirt9,cmn8ccf6s00gz16qzm0dlc3ed,,4080,g,65.28
cmna3kpfm008415pixadplmz8,cmn8ccfhy00kd16qzbtn5rxja,cmn8ccc95000v16qz4ji0434g,,150,ml,0.8093
cmna3kpfa008215pi9tv3jze2,cmn8ccfhy00kd16qzbtn5rxja,cmn8ccdu7006s16qznmtbwssr,,45,g,2
cmna3kpfs008515pigxr28x74,cmn8ccfhy00kd16qzbtn5rxja,,,350,ml,0
cmna3kpch007r15pi9x41h32s,cmn8ccflo00lq16qzrfd9f5m7,cmn8ccdnx005k16qz2c9ifcch,,300,ml,2.094
cmna3kpdg007v15pifzb62bfh,cmn8ccfm100lu16qzq88wxq17,cmn8ccf3c00g816qzwg66cnem,,560,g,7.7463
cmna3kpe8007z15piceshle3y,cmn8ccfm100lu16qzq88wxq17,,cmn8ccfdh00ir16qz9nm0bbzc,4800,g,44.01
cmna3kpgp008b15pine942z6x,cmn8ccfl600lh16qzqeaxlgoa,cmn8ccf8h00hf16qzp111hwwi,,0.35,l,0
cmna3kpdz007y15pijrbkrcxl,cmn8ccfm100lu16qzq88wxq17,,cmn8ccflf00lm16qz2bmnib4n,3360,g,19.39
cmna3kpko009515pihcckc79s,cmn8ccfgt00k216qzddcrirt9,cmn8cce4l009816qziv1pk29j,,204,ml,1.9788
cmna3kpd9007u15pibgejgw9z,cmn8ccfm100lu16qzq88wxq17,cmn8ccdiq004v16qzl8hjsn1c,,3200,ml,16.32
cmna3kpdi007w15pirreqkkdj,cmn8ccfm100lu16qzq88wxq17,cmn8cceze00fc16qzjkzlwmey,,400,ml,4.0156
cmna3kphd008c15pisg71cdr2,cmn8ccfcw00ij16qzz66rmr6x,cmn8ccchy001h16qzd99l3yk2,,3600,g,2.16
cmna3kpk8009115pimj9l3cg2,cmn8ccfgt00k216qzddcrirt9,cmn8ccd5g003i16qzk6nj0wf8,,136,g,0.2399
cmna3kphp008e15pi97wecr7x,cmn8ccfcw00ij16qzz66rmr6x,cmn8ccf3400g616qzc5i2k5g2,,142.5,g,0.1319
cmna3kpjq008v15pi09h4bml5,cmn8ccffk00jh16qz0dwaxpxx,cmn8ccfaw00hs16qzcs2p4o5l,,50,ml,0.1755
cmna3kpjw008z15pipzf7gt9l,cmn8ccffk00jh16qz0dwaxpxx,cmn8ccdv0006z16qzd4oa1in8,,70,g,0.7896
cmna3kpji008q15pipob54ban,cmn8ccffk00jh16qz0dwaxpxx,cmn8cccl2001o16qzmqxzk1q0,,15,g,0.9577
cmna3kpgk008a15pir5yr4f9j,cmn8ccfl600lh16qzqeaxlgoa,cmn8ccfav00hr16qznb8sg45c,,0.35,l,0.4674
cmna3kpja008n15pikf0zfar5,cmn8ccffk00jh16qz0dwaxpxx,cmn8ccf3400g616qzc5i2k5g2,,2,g,0.0019
cmna3kphk008d15piwz7zyr4p,cmn8ccfcw00ij16qzz66rmr6x,cmn8ccfbo00i416qz9vh7ebds,,21,g,0.1483
cmna3kpge008915pibucm4dxw,cmn8ccfl600lh16qzqeaxlgoa,cmn8ccd5g003i16qzk6nj0wf8,,350,g,0.6174
cmna3kpjo008u15pi7015dvhq,cmn8ccffk00jh16qz0dwaxpxx,cmn8cce4l009816qziv1pk29j,,60,ml,0.582
cmna3kpkl009415pi25d84rsh,cmn8ccfgt00k216qzddcrirt9,cmn8ccf8h00hf16qzp111hwwi,,1836,ml,0
cmna3kpfh008315piwvbj1o5c,cmn8ccfhy00kd16qzbtn5rxja,cmn8ccd5g003i16qzk6nj0wf8,,90,g,0.1588
cmna3kpg9008715picqft68j3,cmn8ccfl600lh16qzqeaxlgoa,cmn8ccels00d116qzhs3at78z,,1,kg,5
cmna3kpd2007t15pi2q07ky0z,cmn8ccfm100lu16qzq88wxq17,,cmn8ccfdf00iq16qzc2xpbzfs,16,kg,341.04
cmna3kpck007s15pi2ewjm961,cmn8ccflo00lq16qzrfd9f5m7,cmn8cccxs002u16qzw5hx9l2f,,100,g,0.2685
cmqafvsld0007ujq0facplkun,cmqafvske0004ujq04b67v4vi,cmn8ccf2000fx16qzr3c07whz,,70,g,1.2922
cmna3kpcd007q15pilsmf0wb5,cmn8ccflo00lq16qzrfd9f5m7,ing_milk_capo_brown,,700,ml,1.2495
cmq4p1yd900030vq0wojt676l,cmq4p1yc900000vq0amcxottq,cmn8ccehl00cc16qzm46h6b28,,2000,g,115
cmna3kpjr008w15pih7tlmtmj,cmn8ccffk00jh16qz0dwaxpxx,cmn8ccfaz00ht16qzkjruiviu,,400,g,11
cmqafvsld0005ujq0dhyz00ps,cmqafvske0004ujq04b67v4vi,cmn8ccdlb005816qzpmozxk83,,100,g,1.28
cmna3kpbe007l15picflbrajz,cmn8ccfel00j616qzfigqedxr,,cmn8ccfej00j516qzlol5uyc0,0.33,ea,0.4936
cmna3kpk3009015pi6nr358wt,cmn8ccfgt00k216qzddcrirt9,cmn8ccehw00ce16qzyq9c03w1,,6188,g,4.4108
cmqafvsld0006ujq0jcponun7,cmqafvske0004ujq04b67v4vi,cmn8ccewq00f016qz4a9ksvkv,,70,g,1.9863
cmna3kpc2007p15pig7pd4x9q,cmn8ccffa00je16qz2smsyfbr,cmn8cce60009h16qzmb90kuwm,,100,g,1.84
cmna3kpfw008615pi0l3ky09g,cmn8ccfhy00kd16qzbtn5rxja,cmn8ccf8h00hf16qzp111hwwi,,100,ml,0
cmna3kpgc008815piveuf9u56,cmn8ccfl600lh16qzqeaxlgoa,cmn8ccecu00b516qzi4z1933p,,1,kg,6.3
cmna3kpbl007n15piczqi6gan,cmn8ccfmj00m116qzsi9hmdko,,cmn8ccfmp00m316qz5hoc2omb,1,ea,0.185
cmna3kpdo007x15pi1t708faw,cmn8ccfm100lu16qzq88wxq17,cmn8cceom00dp16qzx7vztk3y,,240,g,1.3536
cmq4p1yd900050vq0x6ofay5w,cmq4p1yc900000vq0amcxottq,cmn8ccehw00ce16qzyq9c03w1,,300,g,0.2138
cmna3koyo004w15pi7kmrv5ws,cmn8ccff100jc16qz3t3nkzt7,,cmn8ccfey00jb16qziw6fotad,125,g,0.81
cmna3ko8g002r15pilobswy7l,cmn8ccfgd00jw16qzeavb0tqt,cmn8ccc95000v16qz4ji0434g,,100,g,0.5395
cmna3koti004g15pisb23bf2u,cmn8ccfep00j816qz0ovz8ahc,cmn8ccd5g003i16qzk6nj0wf8,,200,g,0.3528
cmna3kphu008f15pir9b8agw8,cmn8ccfcw00ij16qzz66rmr6x,cmn8cce6z009q16qzsj4m5nji,,67.5,g,1.152
cmna3kpmm009q15pihjx8rdjb,cmn8ccfeb00j116qz4tdx4iif,cmn8cce4l009816qziv1pk29j,,25,ml,0.2425
cmna3kpmn009r15pige6dbmzg,cmn8ccfeb00j116qz4tdx4iif,cmn8ccf7300h216qzwcq7nfwn,,50,g,0.44
cmna3kpmk009p15pi98vk8ybq,cmn8ccfeb00j116qz4tdx4iif,cmn8ccdi6004p16qzlnw5sher,,25,g,0.537
cmna3kpoe00aa15piw14tvm63,cmn8ccfdj00is16qzu3qpt5b0,cmn8cceqg00e116qzml1ovcc3,,20,g,70
cmna3kpmb009k15pil4ww1g78,cmn8ccfit00kl16qzvjriw6iz,cmn8cceo300dj16qzvf9idiit,,1000,g,3.51
cmna3kpqd00ai15piz2gy5tt4,cmn8ccffu00jm16qz3u6f2nny,ing_milk_capo_brown,,450,ml,0.8033
cmna3kpph00ae15pitkfqkg6a,cmn8ccffu00jm16qz3u6f2nny,cmn8ccd5g003i16qzk6nj0wf8,,195,g,0.344
cmna3kppp00af15pihj5m0gip,cmn8ccffu00jm16qz3u6f2nny,cmn8ccf3400g616qzc5i2k5g2,,42,g,0.0389
cmna3kpme009n15pi83wdto3f,cmn8ccfit00kl16qzvjriw6iz,cmn8cccxs002u16qzw5hx9l2f,,1100,g,2.9531
cmna3kpmc009l15piq1n8b91s,cmn8ccfit00kl16qzvjriw6iz,cmn8ccf3400g616qzc5i2k5g2,,250,g,0.2314
cmna3kpmd009m15pi3kfbz1r1,cmn8ccfit00kl16qzvjriw6iz,cmn8cccrt002916qz50nmrlz0,,30,g,0.6147
cmna3kpm1009f15pijon70e0f,cmn8ccfit00kl16qzvjriw6iz,cmn8cce2b008o16qz4c70jb0w,,850,g,26.6591
cmna3kpm3009g15pizwpvzljl,cmn8ccfit00kl16qzvjriw6iz,cmn8ccebm00b216qz8sp7y9ri,,2000,g,7.6364
cmna3kpm8009i15pi0vmxj5pg,cmn8ccfit00kl16qzvjriw6iz,cmn8ccdw7007616qzawph4ea6,,400,g,2.754
cmna3kpm6009h15pi4bg0fkim,cmn8ccfit00kl16qzvjriw6iz,cmn8cceb200ax16qzyoeb56yv,,1000,g,7.1
cmna3kpnm00a315pimukpbas8,cmn8ccfkt00l916qzwfqr8uv4,cmn8ccedx00bf16qz9i4yp5ef,,3000,g,15
cmna3kpnn00a415pidb2cpmty,cmn8ccfkt00l916qzwfqr8uv4,ing_milk_capo_brown,,3000,ml,5.355
cmna3kpn3009w15pinqzj2w19,cmn8ccfnb00mb16qz0797wkqq,cmn8ccdf8004d16qz1kj5rrsn,,7,g,0.1351
cmna3kpn5009y15pil129ez5a,cmn8ccfnb00mb16qz0797wkqq,cmn8ccdxa007g16qz7isz21np,,30,g,0.279
cmna3kpn7009z15pisstidol3,cmn8ccfnb00mb16qz0797wkqq,cmn8ccdlp005a16qz5ettqeq4,,90,g,0.0475
cmna3kpld009b15pi0vfritbi,cmn8ccfnh00me16qz0k2xdea9,,cmn8ccfgt00k216qzddcrirt9,55,g,0.3748
cmna3kprt00ao15piru4s1y4b,cmn8ccfcp00ig16qzxrey6h7n,cmn8ccder004b16qz876pxlev,,15,g,0.1575
cmna3kpro00an15piokqp48x8,cmn8ccfcp00ig16qzxrey6h7n,cmn8ccfal00hn16qzcaaxk2gp,,50,g,0.1175
cmna3kprk00am15picnlfukqe,cmn8ccfcp00ig16qzxrey6h7n,cmn8ccen600dd16qzybqxh7gh,,70,g,0.1493
cmna3kpna00a115pikzrthwwc,cmn8ccfnb00mb16qz0797wkqq,cmn8cce8p00a916qz2g1jyrgk,,1620,ml,28.512
cmna3kpnc00a215pi7onn3z2n,cmn8ccfnb00mb16qz0797wkqq,cmn8ccerd00e916qzwb2cl1o9,,300,g,9.225
cmna3kpqj00aj15pimj4p5phs,cmn8ccffu00jm16qz3u6f2nny,cmn8ccf8h00hf16qzp111hwwi,,450,ml,0
cmna3kpn4009x15pio4z5nhy6,cmn8ccfnb00mb16qz0797wkqq,cmn8ccdw7007616qzawph4ea6,,70,g,0.482
cmna3kpn0009u15piasoak45s,cmn8ccfnb00mb16qz0797wkqq,cmn8ccf8h00hf16qzp111hwwi,,670,ml,0
cmna3kpn1009v15pizdtb4819,cmn8ccfnb00mb16qz0797wkqq,cmn8ccedr00bd16qzpxzgt7cn,,1200,g,6.864
cmna3kpkz009615pil6njc6b3,cmn8ccfnd00mc16qzhgd46eik,cmn8ccdu7006s16qznmtbwssr,,1,ea,3.5556
cmna3kpl3009815piq7872x22,cmn8ccfnd00mc16qzhgd46eik,cmn8cce4l009816qziv1pk29j,,100,ml,0.97
cmna3kpoq00ac15pipk2d0f9s,cmn8ccflf00lm16qz2bmnib4n,cmn8cceh200c716qzt5ewkgwu,,1400,g,5.2182
cmna3kpom00ab15pibquka0jx,cmn8ccflf00lm16qz2bmnib4n,cmn8ccdsq006h16qzf0uc2n52,,1,ea,2.7273
cmna3kpq800ah15pifme7onjq,cmn8ccffu00jm16qz3u6f2nny,cmn8ccczy003016qzul0og9hz,,140,g,1.652
cmna3kpqr00ak15pirpqhm21k,cmn8ccffu00jm16qz3u6f2nny,cmn8ccchy001h16qzd99l3yk2,,1780,g,1.068
cmna3kpl6009a15pib74id0op,cmn8ccfnd00mc16qzhgd46eik,,,50,ml,0
cmna3kpl5009915pikspoinqy,cmn8ccfnd00mc16qzhgd46eik,cmn8ccccg001316qze4vtqjyl,,100,g,0.9025
cmna3kpmo009s15pitvgnange,cmn8ccfeb00j116qz4tdx4iif,cmn8ccekh00cu16qzh951pv4l,,350,g,2.247
cmna3kpoc00a915pi2qg8yoxq,cmn8ccfdj00is16qzu3qpt5b0,cmn8cceb200ax16qzyoeb56yv,,100,g,0.71
cmp7gffdz00030upkxg9rpqau,cmp7gffdv00020upkqxpnm565,cmn8ccf8s00hg16qzh8n7pnm9,,3,g,0.09
cmna3kpm9009j15pix7g9aoxg,cmn8ccfit00kl16qzvjriw6iz,cmn8ccdos005r16qzxdnylhe6,,150,g,3.1286
cmna3kpo300a815pixhapz2lh,cmn8ccfml00m216qzbykbfit9,,cmn8ccfmp00m316qz5hoc2omb,0.33,ea,0.0611
cmna3kpov00ad15pivzrcqczm,cmn8ccflf00lm16qz2bmnib4n,cmn8ccedr00bd16qzpxzgt7cn,,2,kg,11.44
cmna3kplr009e15pi3ai6jz3h,cmn8ccfnh00me16qz0k2xdea9,,prep_fruit_glaze_01,6,g,0.0506
cmna3kpmx009t15pif3jjnfo1,cmn8ccfnb00mb16qz0797wkqq,cmn8cceoj00do16qzd1hp5l4r,,1570,ml,7.3877
cmna3kpl0009715piitxi8o15,cmn8ccfnd00mc16qzhgd46eik,cmn8ccdz1007u16qzndk09rz6,,2000,g,18
cmna3kppx00ag15piiqvzfrsl,cmn8ccffu00jm16qz3u6f2nny,cmn8ccfbo00i416qz9vh7ebds,,34,g,0.24
cmna3kprc00al15pie6hez9nx,cmn8ccfcp00ig16qzxrey6h7n,cmn8ccfbe00i016qz968i927v,,150,g,0.3
cmna3kpnv00a615pio42m5gqe,cmn8ccfer00j916qzh1x1420z,,cmn8ccfep00j816qz0ovz8ahc,2,kg,11.1
cmna3kpno00a515pi7ncl0za5,cmn8ccfkt00l916qzwfqr8uv4,cmn8ccdwy007d16qz6wgbu2x1,,360,g,5.5771
cmp7gffc200010upkldayg46z,cmp7gffby00000upk9qzed0nu,cmn8cccgz001f16qzu0k0bce2,,0.33,ea,0.0396
cmna3kpvk00bl15pihhr5fi8x,cmn8ccfju00ku16qz2ntbmcap,,cmn8ccfi100ke16qz295vk30s,30,serve,23.1883
cmna3kpv500bf15pi86cz8ykj,cmn8ccfej00j516qzlol5uyc0,cmn8cccr0002616qz7wr4qy4j,,30,g,0.252
cmna3kpva00bi15pi1trh99ib,cmn8ccfej00j516qzlol5uyc0,cmn8ccdhu004n16qzr0knftob,,1275,g,38.9678
cmna3kpvq00bn15pi3335jopi,cmn8ccfju00ku16qz2ntbmcap,,cmn8ccfid00ki16qzlv0j5i9z,10,g,0.0821
cmna3kpvt00bp15piesepmn50,cmn8ccfju00ku16qz2ntbmcap,,cmn8ccfdj00is16qzu3qpt5b0,15,g,1.0606
cmna3kpvn00bm15pinasiejas,cmn8ccfju00ku16qz2ntbmcap,,cmn8ccfkj00l516qzk8s75qd3,8,g,0.0864
cmna3kpw200bs15pinul1spka,cmn8ccfn300m816qz4c1faszv,cmn8ccf8h00hf16qzp111hwwi,,850,ml,0
cmna3kpw400bt15pivyf73x37,cmn8ccfn300m816qz4c1faszv,cmn8ccf7000h116qzzkon5bb1,,30,g,1.3181
cmna3kpvy00bq15pinjkgtr3n,cmn8ccfn300m816qz4c1faszv,cmn8cccxs002u16qzw5hx9l2f,,350,g,0.9396
cmna3kptj00b015pic42t15b5,cmn8ccfma00lx16qzsk3w9ujv,cmn8ccf8h00hf16qzp111hwwi,,735,ml,0
cmna3kptg00az15pi2elw9oo8,cmn8ccfma00lx16qzsk3w9ujv,cmn8ccepp00dv16qz7bjoj56a,,45,g,4.725
cmna3kpvb00bj15picvguqr1j,cmn8ccfej00j516qzlol5uyc0,cmn8ccdhd004l16qz1wb6lr82,,1275,g,27.9544
cmna3kpuy00bd15pi7liqa7tl,cmn8ccfej00j516qzlol5uyc0,cmn8ccdwm007916qzosd7ljjv,,12,ea,5.76
cmna3kpsq00aw15pik5yba9s6,cmn8ccfcp00ig16qzxrey6h7n,,cmn8ccfmz00m616qzvbzoetl0,1,serve,0.5928
cmna3kpsn00av15pihux9vl97,cmn8ccfcp00ig16qzxrey6h7n,,cmn8ccfo500mp16qzyrghzlcv,60,ml,0.3954
cmna3kpsh00au15piefh1ii7i,cmn8ccfcp00ig16qzxrey6h7n,cmn8ccf7u00hb16qzuy8c98y5,,0.2,ea,0.8571
cmna3kprw00ap15piqdsvcwcw,cmn8ccfcp00ig16qzxrey6h7n,cmn8ccd4y003g16qzskcf306l,,55,g,0.0869
cmna3kpss00ax15pioir0u7y4,cmn8ccfcp00ig16qzxrey6h7n,cmn8ccey700f516qzkvwk59sz,,50,g,0.775
cmna3kps100aq15pibhmeedet,cmn8ccfcp00ig16qzxrey6h7n,cmn8ccep300ds16qzz6v1hdst,,15,g,0.23
cmna3kpup00bb15pis5mn9yhh,cmn8ccfej00j516qzlol5uyc0,cmn8ccd5g003i16qzk6nj0wf8,,900,g,1.5876
cmna3kps900as15pi4xx3fxrf,cmn8ccfcp00ig16qzxrey6h7n,cmn8ccf0g00fk16qznvs8a17l,,0.3,ea,0.0705
cmna3kpua00b915pi08mtxs95,cmn8ccfej00j516qzlol5uyc0,cmn8cccxs002u16qzw5hx9l2f,,1200,g,3.2216
cmna3kpv200be15pi22ilpexg,cmn8ccfej00j516qzlol5uyc0,cmn8ccehw00ce16qzyq9c03w1,,1980,g,1.4113
cmna3kput00bc15pives2hffa,cmn8ccfej00j516qzlol5uyc0,cmn8ccf7000h116qzzkon5bb1,,95,g,4.1741
cmna3kpv800bh15pisvs7mcia,cmn8ccfej00j516qzlol5uyc0,cmn8ccf3400g616qzc5i2k5g2,,45,g,0.0417
cmna3kpx600c615pi4g7fsvej,cmn8ccfeg00j316qz3a6jn11t,cmn8ccd5g003i16qzk6nj0wf8,,3,kg,5.292
cmna3kpx400c415pip6w7zha2,cmn8ccfeg00j316qz3a6jn11t,cmn8cceoj00do16qzd1hp5l4r,,6,l,28.2333
cmna3kpx300c315pibwqnin4p,cmn8ccfeg00j316qz3a6jn11t,,cmn8ccfnz00mm16qzzv2z8yza,2,kg,47.8473
cmp7gffe100080upknhp0qygn,cmp7gffdv00020upkqxpnm565,cmn8ccez300fa16qz1mdo57w2,,40,g,0.4476
cmp7gffe100090upkel9imypq,cmp7gffdv00020upkqxpnm565,,cmn8ccfig00kj16qzauax8p61,25,g,0.2015
cmp7gffe100060upkypyq0p36,cmp7gffdv00020upkqxpnm565,,cmn8ccfig00kj16qzauax8p61,3,g,0.0242
cmp7gffe100050upky8a4sn8s,cmp7gffdv00020upkqxpnm565,cmn8ccddt004616qzm9spi10w,,2.5,g,0.0094
cmp7gffdz00040upkhmmi85t5,cmp7gffdv00020upkqxpnm565,cmn8ccddo004516qzxiydaj8t,,35,g,0.4053
cmp7gffhl000c0upkmfgshb31,cmp7gffhk000a0upkf5lvmkai,,cmn8ccfig00kj16qzauax8p61,3,g,0.0242
cmp7gffhl000d0upk939cyddq,cmp7gffhk000a0upkf5lvmkai,cmn8cce8z00ab16qzv0cloyz3,,16.25,g,0.182
cmp7gffhl000b0upkrggnots5,cmp7gffhk000a0upkf5lvmkai,cmn8ccf8s00hg16qzh8n7pnm9,,3,g,0.09
cmp7gffhl000f0upkqrtr3v0m,cmp7gffhk000a0upkf5lvmkai,cmn8ccdop005q16qzs734ytmm,,22.5,g,0.1876
cmna3kpsc00at15pi4j73g40q,cmn8ccfcp00ig16qzxrey6h7n,cmn8ccdl6005716qzqbvemxxu,,5,g,0.2
cmna3kptl00b115pid9bca0q2,cmn8ccfma00lx16qzsk3w9ujv,cmn8ccd5g003i16qzk6nj0wf8,,300,g,0.5292
cmp7gffe100070upk0hqadyqm,cmp7gffdv00020upkqxpnm565,cmn8cce8z00ab16qzv0cloyz3,,16.25,g,0.182
cmna3kpt400ay15pismgssvc0,cmn8ccfke00l316qzt2zsdid8,,cmn8ccfkb00l216qzzw9ubpkv,1,ea,1.9167
cmna3kpvi00bk15piiinphsa8,cmn8ccfju00ku16qz2ntbmcap,cmn8cccgz001f16qzu0k0bce2,,100,ea,12
cmna3kpvs00bo15pi6a33wky3,cmn8ccfju00ku16qz2ntbmcap,,cmn8ccfmt00m416qz6k2vj5gt,140,g,1.5839
cmna3kpw000br15pit80xnd3q,cmn8ccfn300m816qz4c1faszv,cmn8ccd5g003i16qzk6nj0wf8,,500,g,0.882
cmna3kps400ar15pi9fwkv8zt,cmn8ccfcp00ig16qzxrey6h7n,cmn8ccdz7007v16qzdmiidcs0,,25,g,0.1938
cmna3kpx500c515pihegirqk6,cmn8ccfeg00j316qz3a6jn11t,cmn8cceze00fc16qzjkzlwmey,,350,ml,3.5136
cmp7gffhl000e0upk1n8979q6,cmp7gffhk000a0upkf5lvmkai,cmn8ccet400ef16qzqbpqwkmu,,50,g,0.3818
cmna3kpzl00d015pi45wrlf82,cmn8ccfdw00iv16qz839imeem,,cmn8ccfdo00it16qzv8u178ec,150,g,0.4918
cmna3kq1900dl15pi9bnd1uf7,cmn8ccfl300lf16qzb00syh89,,cmn8ccfl400lg16qzlmxz0vik,1,serve,10.48
cmna3kpym00cm15pilpk7mcfz,cmn8ccfjy00kw16qz0h7u4ea8,cmn8ccdrs006916qzilonqgrw,,9,ea,2.52
cmna3kpyk00cl15pihszsp6w6,cmn8ccfjy00kw16qz0h7u4ea8,cmn8ccd5g003i16qzk6nj0wf8,,1200,g,2.1168
cmna3kpyt00co15pilgte2s7o,cmn8ccfk300ky16qz096z3am4,cmn8cce7s009z16qzxvas9woe,,9,kg,99
cmna3kpxf00c815pinhkitczv,cmn8ccfi100ke16qz295vk30s,cmn8cce4l009816qziv1pk29j,,260,ml,2.522
cmna3kpy600cg15pic4mj8cx0,cmn8ccflh00ln16qzf0wz57u7,cmn8ccehl00cc16qzm46h6b28,,1,kg,57.5
cmna3kq0d00dc15piudus5lwa,cmn8ccfd600in16qzcb79y5vv,cmn8ccdl1005616qz5hne29vl,,200,g,0.5053
cmna3kpzz00d515pibzvofzk2,cmn8ccfd600in16qzcb79y5vv,cmn8cceb200ax16qzyoeb56yv,,50,ml,0.355
cmna3kq0100d615pixkgiwbvi,cmn8ccfd600in16qzcb79y5vv,cmn8ccd6u003n16qzz9ncqdlj,,224,g,1.8667
cmna3kq0600d815pioa5lypbv,cmn8ccfd600in16qzcb79y5vv,cmn8ccebi00b116qzgsr52n6x,,310,g,0.6517
cmna3kq0700d915pilwl7p771,cmn8ccfd600in16qzcb79y5vv,cmn8ccdw7007616qzawph4ea6,,45,g,0.3098
cmna3kpyz00cq15piymdx5759,cmn8ccfk700l016qzgzxu14va,cmn8ccf6w00h016qz8qfgiufq,,250,g,2.95
cmna3kpxv00ce15pih78jfar8,cmn8ccfi100ke16qz295vk30s,cmn8ccdop005q16qzs734ytmm,,1.8,kg,15.005
cmna3kpz100cr15pi2nfdioe3,cmn8ccfk700l016qzgzxu14va,cmn8ccd05003116qzmairua7c,,360,ml,2.202
cmna3kpxj00ca15pizr4ay85o,cmn8ccfi100ke16qz295vk30s,cmn8ccdfu004g16qzynxy0p7p,,400,g,17.7778
cmna3kpxm00cb15pidasxoyw9,cmn8ccfi100ke16qz295vk30s,cmn8ccfas00hq16qza546j0xj,,40,g,0.744
cmna3kpxp00cc15piidm4bb1j,cmn8ccfi100ke16qz295vk30s,cmn8ccf3400g616qzc5i2k5g2,,40,g,0.037
cmna3kpxr00cd15pilrhkn6gs,cmn8ccfi100ke16qz295vk30s,cmn8cceam00aq16qzdujw8esu,,40,g,0.756
cmna3kpzv00d415pi9gmugult,cmn8ccfnl00mg16qzfqwn6wh1,,cmn8ccfky00lc16qzlt4jf9l7,55,g,0.8126
cmna3kq1000dj15pickk22imc,cmn8ccfi400kf16qzeuqcov62,cmn8ccegi00c116qz958nheka,,5,g,0.189
cmna3kq0y00di15pin3rnporg,cmn8ccfi400kf16qzeuqcov62,cmn8ccf3400g616qzc5i2k5g2,,5,g,0.0046
cmna3kpz400ct15pi1wisd712,cmn8ccfk700l016qzgzxu14va,cmn8ccf7000h116qzzkon5bb1,,4,g,0.1758
cmna3kpz500cu15pis859swyq,cmn8ccfk700l016qzgzxu14va,cmn8ccdh1004k16qzk2z4pxti,,300,g,10.788
cmna3kpz600cv15pi3dynzuay,cmn8ccfk700l016qzgzxu14va,cmn8ccetm00ek16qz3hnlsj6p,,600,g,0.4406
cmna3kpz800cw15pin4d2moww,cmn8ccfk700l016qzgzxu14va,cmn8ccd5g003i16qzk6nj0wf8,,300,g,0.5292
cmna3kpxx00cf15pi1y15x9tz,cmn8ccfi100ke16qz295vk30s,cmn8ccedd00b816qzgadp0cni,,4,ea,11.1429
cmna3kq0w00dh15pipbnbnsgr,cmn8ccfi400kf16qzeuqcov62,cmn8ccdwy007d16qz6wgbu2x1,,500,g,7.746
cmna3kq0u00dg15piec18aywh,cmn8ccfi400kf16qzeuqcov62,cmn8ccfaw00hs16qzcs2p4o5l,,30,ml,0.1053
cmna3kq0r00df15pindd4lcik,cmn8ccfi400kf16qzeuqcov62,cmn8ccdwm007916qzosd7ljjv,,6,ea,2.88
cmna3kq1b00dm15piju1gu4ay,cmn8ccfl300lf16qzb00syh89,cmn8ccegc00by16qz93fcu4dg,,250,g,9.54
cmna3kq1i00do15pilm6ldluh,cmn8ccflv00ls16qzlmcq0zp0,cmn8ccd5g003i16qzk6nj0wf8,,900,g,1.5876
cmna3kpy800ch15pir9yk5na5,cmn8ccflh00ln16qzf0wz57u7,cmn8ccetb00eh16qzqxtgd887,,200,g,2.3317
cmna3kpyb00cj15pihh7qn1tx,cmn8ccflh00ln16qzf0wz57u7,cmn8ccdou005s16qz3bn8wgoe,,200,g,2.38
cmna3kpyc00ck15pixlc91bi5,cmn8ccflh00ln16qzf0wz57u7,cmn8ccetv00em16qzsbus40yh,,300,g,2.397
cmna3kpzr00d215pisyhhqevv,cmn8ccfnl00mg16qzfqwn6wh1,,cmn8ccfgt00k216qzddcrirt9,55,g,0.3748
cmna3kpy900ci15piglvl708k,cmn8ccflh00ln16qzf0wz57u7,cmn8ccdlb005816qzpmozxk83,,600,g,7.68
cmna3kq0c00db15pim99t3fth,cmn8ccfd600in16qzcb79y5vv,cmn8ccf5100gi16qznfqr3pit,,280,g,0.4069
cmna3kq1k00dp15piuznpyk61,cmn8ccflv00ls16qzlmcq0zp0,cmn8ccemp00da16qzz7ndqmjq,,1000,g,11.5
cmna3kpyo00cn15piy6xqjh3g,cmn8ccfjy00kw16qz0h7u4ea8,cmn8ccdwp007a16qzcyhmzgzh,,60,g,1.6548
cmna3kpzt00d315pit7fxkvaj,cmn8ccfnl00mg16qzfqwn6wh1,,cmn8ccfgf00jx16qz11yjlu6a,70,ml,0.3302
cmqabldku000976q0ik11jjez,cmqabldju000876q007pjrh0e,,cmqabldbs000676q0sr6wyw5h,3,l,5.985
cmna3kq1p00dq15pircew3k8d,cmn8ccfcc00ic16qzk80fi2di,cmn8ccf6s00gz16qzm0dlc3ed,,2,kg,32
cmna3kpzm00d115pink8yxgm6,cmn8ccfdw00iv16qz839imeem,,cmn8ccflv00ls16qzlmcq0zp0,95,g,0.6545
cmp7gffhl000g0upkaeja098z,cmp7gffhk000a0upkf5lvmkai,,cmn8ccfl700li16qze6ijvoax,22.5,g,0.2731
cmna3kq0l00de15pij9h0jxv6,cmn8ccfds00iu16qzdjyiyelo,cmn8ccdk5005216qz0ryvd28g,,95,g,0.837
cmna3kpxh00c915pix5l3u30d,cmn8ccfi100ke16qz295vk30s,cmn8ccdq8006116qzvngx3xw3,,500,g,21.25
cmqabldf3000776q00fd7l3ia,cmqabldbs000676q0sr6wyw5h,cmqablcvh000076q0p1ypy1ma,,2000,g,39.9
cmna3kpzh00cz15pik9kcac79,cmn8ccfe700iz16qzm3g3mqsl,cmn8cccr7002716qzqe5s19nv,,2000,g,19.04
cmna3kq1400dk15pi2f8pdbdl,cmn8ccfi400kf16qzeuqcov62,cmn8ccf0s00fm16qzrdsfv724,,15,g,0.1986
cmna3kpyu00cp15pin9qulcwv,cmn8ccfk300ky16qz096z3am4,cmn8ccfan00ho16qzfo96iptu,,1,kg,4.48
cmna3kpza00cx15piflrw0o07,cmn8ccfk700l016qzgzxu14va,cmn8cccst002d16qzor3cadbm,,450,g,4.0185
cmna3kq2c00dx15pip48lwqa3,cmn8ccfg900ju16qzrh8n9cyt,,cmn8ccfg000jp16qzdf9401zk,125,g,0.506
cmna3kq5300ey15piocze8i7p,cmn8ccfgx00k416qz7dtjmbe0,cmn8cccir001j16qzey7j13m7,,15,g,0.1065
cmna3kq5500ez15pidfb7euzx,cmn8ccfgx00k416qz7dtjmbe0,cmn8ccf6w00h016qz8qfgiufq,,625,g,7.375
cmna3kq5200ex15pi9roiz3zf,cmn8ccfgx00k416qz7dtjmbe0,cmn8ccchy001h16qzd99l3yk2,,475,g,0.285
cmna3kq5700f015pihqt7sjb1,cmn8ccfgx00k416qz7dtjmbe0,cmn8cce4b009616qzmwnpe09j,,20,g,1.32
cmna3kq5a00f115pim9thqfxn,cmn8ccfgx00k416qz7dtjmbe0,cmn8ccdrs006916qzilonqgrw,,25,ea,7
cmna3kq4y00ev15pijl4tyg20,cmn8ccfgx00k416qz7dtjmbe0,cmn8ccc4q000l16qz9ebrgiwf,,600,g,9.672
cmna3kq4n00es15pi8lb422cc,cmn8ccfig00kj16qzauax8p61,cmn8ccdq8006116qzvngx3xw3,,4,ea,13.6
cmna3kq4i00ep15piafq6nqo5,cmn8ccfig00kj16qzauax8p61,cmn8ccevw00ew16qz95irbef5,,5,kg,49
cmna3kq4j00eq15pim4fct9lh,cmn8ccfig00kj16qzauax8p61,cmn8ccf6500gu16qzoeoxjzp1,,40,g,0.3892
cmna3kq6300f515pi2jqe6nkf,cmn8ccfkw00lb16qz2kphq12z,cmn8ccdu7006s16qznmtbwssr,,180,g,8
cmna3kq4l00er15pi9ovrh2c1,cmn8ccfig00kj16qzauax8p61,cmn8ccee800bi16qzmj98xp22,,40,g,0.5508
cmna3kq4q00et15piwxlekde0,cmn8ccfig00kj16qzauax8p61,cmn8ccdop005q16qzs734ytmm,,5,ea,14.5882
cmna3kq4d00en15pid5igbhmp,cmn8ccfig00kj16qzauax8p61,cmn8ccfbr00i516qzu7bdwqo8,,400,g,6.808
cmna3kq4s00eu15pierla4jf8,cmn8ccfig00kj16qzauax8p61,cmn8ccclz001q16qz956pk73h,,20,g,0.752
cmna3kq1s00ds15pirn868qwn,cmn8ccfcc00ic16qzk80fi2di,cmn8ccdwm007916qzosd7ljjv,,128,ea,61.44
cmna3kq5s00f315pij4v7j3jg,cmn8ccfli00lo16qzygimca22,cmn8cce4l009816qziv1pk29j,,150,ml,1.455
cmna3kq2z00e315piqp3lizta,cmn8ccfnt00mj16qz1rw2lki2,,cmn8ccfgb00jv16qz8a10y7g3,30,g,0.1573
cmna3kq2w00e215piqwy0yoil,cmn8ccfnt00mj16qz1rw2lki2,cmn8cceo700dk16qz3ok5yvd9,,0.05,ea,0.2995
cmna3kq4000ei15pi5yf2biyu,cmn8ccfo800mr16qzpm1tdgg0,cmn8ccf3400g616qzc5i2k5g2,,20,g,0.0185
cmna3kq4100ej15pidnrs7m11,cmn8ccfo800mr16qzpm1tdgg0,cmn8ccegi00c116qz958nheka,,15,g,0.567
cmna3kq5u00f415pipdjqehun,cmn8ccfli00lo16qzygimca22,cmn8ccd5g003i16qzk6nj0wf8,,360,g,0.635
cmna3kq4200ek15piy030dx82,cmn8ccfo800mr16qzpm1tdgg0,cmn8ccebc00b016qzfjhnozmw,,50,g,0.283
cmna3kq3m00e915pi2bjtmiz2,cmn8ccfo800mr16qzpm1tdgg0,ing_milk_capo_brown,,6000,ml,10.71
cmna3kq3p00ea15piopj4ie05,cmn8ccfo800mr16qzpm1tdgg0,cmn8cccia001i16qznwdkzwtn,,300,g,0.2138
cmna3kq3q00eb15piz8o9dl3j,cmn8ccfo800mr16qzpm1tdgg0,cmn8ccdcg004216qzeb1mwilf,,200,g,2.866
cmna3kq3s00ec15piur8zia2z,cmn8ccfo800mr16qzpm1tdgg0,cmn8ccev900et16qz7r4msnmv,,200,g,2.0833
cmna3kq3t00ed15pif671xv9x,cmn8ccfo800mr16qzpm1tdgg0,cmn8cceec00bj16qzai0g0899,,100,g,3.2844
cmna3kq3u00ee15pil31a5fc7,cmn8ccfo800mr16qzpm1tdgg0,cmn8ccdzd007w16qz3iycttam,,100,g,4.388
cmna3kq3v00ef15pi26q3qhue,cmn8ccfo800mr16qzpm1tdgg0,cmn8ccdxs007k16qzzj28skv3,,100,g,2.25
cmna3kq1u00dt15pity3naint,cmn8ccfcc00ic16qzk80fi2di,cmn8ccc4q000l16qz9ebrgiwf,,2000,g,32.24
cmna3kq1q00dr15pimv66x0d6,cmn8ccfcc00ic16qzk80fi2di,cmn8cce20008l16qz5no08ewr,,2,kg,5.2867
cmna3kq3b00e515pizwpvfdof,cmn8ccfci00ie16qzxy1vv03b,,cmn8ccfcc00ic16qzk80fi2di,130,g,2.1317
cmna3kq6d00f715piu2jbwng2,cmn8ccfnv00mk16qzwa5goujx,,cmn8ccfgt00k216qzddcrirt9,55,g,0.3748
cmna3kq3f00e715piacy3sn8t,cmn8ccfci00ie16qzxy1vv03b,cmn8ccc7e000q16qzxfpadat8,,35,g,0.623
cmna3kq3g00e815pin75dkkji,cmn8ccfci00ie16qzxy1vv03b,cmn8cce20008l16qz5no08ewr,,5,g,0.0132
cmna3kq3700e415piz2o8xef0,cmn8ccfci00ie16qzxy1vv03b,cmn8ccdon005p16qz1u3j937c,,1,ea,1.0987
cmna3kq6f00f915pir1ic1b29,cmn8ccfnv00mk16qzwa5goujx,cmn8ccf1900fp16qzbjs1b4fo,,75,g,1.02
cmqabldkv000b76q010qbd48s,cmqabldju000876q007pjrh0e,cmn8cccrt002916qz50nmrlz0,,50,g,1.0245
cmna3kq6e00f815pigl1fvej6,cmn8ccfnv00mk16qzwa5goujx,,cmn8ccfgf00jx16qz11yjlu6a,80,ml,0.3773
cmqabldkv000a76q04w47mfbw,cmqabldju000876q007pjrh0e,cmn8ccf3400g616qzc5i2k5g2,,50,g,0.0463
cmna3kq2q00e015piockg0j3q,cmn8ccfnt00mj16qz1rw2lki2,,cmn8ccfgt00k216qzddcrirt9,55,g,0.3748
cmna3kq2g00dy15pivbjhukx5,cmn8ccfg900ju16qzrh8n9cyt,,cmn8ccfof00mt16qzwc0rkvpz,35,g,0.2834
cmna3kq5000ew15pij5t727l7,cmn8ccfgx00k416qz7dtjmbe0,cmn8cce20008l16qz5no08ewr,,1300,g,3.4363
cmqabldkv000c76q0y83tbuds,cmqabldju000876q007pjrh0e,cmn8cccxs002u16qzw5hx9l2f,,550,g,1.4766
cmna3kq4f00eo15pi1etxk8nd,cmn8ccfig00kj16qzauax8p61,cmn8ccf3400g616qzc5i2k5g2,,500,g,0.4629
cmna3kq3x00eg15pi7ony7kbo,cmn8ccfo800mr16qzpm1tdgg0,cmn8cce1i008f16qzo79t9fwo,,75,g,1.2375
cmna3kq5o00f215pifx5i2dlh,cmn8ccfli00lo16qzygimca22,cmn8cceo700dk16qz3ok5yvd9,,2,ea,11.98
cmp8welxq00020uo4nhn2phpk,cmp8welxf00010uo4qcltuho2,cmp8weluk00000uo413u37k4j,,1,ea,0.4615
cmna3kq3d00e615pikp7vemyy,cmn8ccfci00ie16qzxy1vv03b,,cmn8ccfn300m816qz4c1faszv,20,ml,0.0628
cmna3kq1v00du15piaefxg4g9,cmn8ccfcc00ic16qzk80fi2di,cmn8ccehw00ce16qzyq9c03w1,,300,g,0.2138
cmna3kq6500f615pi7ltf563r,cmn8ccfkw00lb16qz2kphq12z,cmn8cceb200ax16qzyoeb56yv,,1800,g,12.78
cmna3kq9400fz15pikule6w2q,cmn8ccfgb00jv16qz8a10y7g3,cmn8ccd5g003i16qzk6nj0wf8,,2640,g,4.657
cmna3kq9800g015piduwo5ycv,cmn8ccfgb00jv16qz8a10y7g3,cmn8ccdi6004p16qzlnw5sher,,160,g,3.4368
cmna3kq9100fy15pikln9cpmf,cmn8ccfgb00jv16qz8a10y7g3,cmn8ccehw00ce16qzyq9c03w1,,3600,g,2.5661
cmna3kq9a00g115piy01gzuqy,cmn8ccfgb00jv16qz8a10y7g3,cmn8ccepf00dt16qzt1akg2l5,,1440,g,6.0048
cmna3kq7j00fp15pi3iwkys3z,cmn8ccffs00jl16qzp7ordld9,cmn8ccerq00eb16qzlllz9olb,,1500,g,14.5417
cmna3kq8100fq15pid2dpgn9p,cmn8ccffs00jl16qzp7ordld9,cmn8ccd5g003i16qzk6nj0wf8,,4500,g,7.938
cmna3kq7000fh15pivlfqu00h,cmn8ccffs00jl16qzp7ordld9,cmn8ccdej004a16qz4t87gyiz,,750,g,6.75
cmna3kq7200fi15pimuimqybb,cmn8ccffs00jl16qzp7ordld9,cmn8cceua00eo16qzjx32sq2r,,2000,g,39
cmna3kq7300fj15pi2l1266g2,cmn8ccffs00jl16qzp7ordld9,cmn8ccdw7007616qzawph4ea6,,1500,g,10.3276
cmna3kq7400fk15pitdw6qnob,cmn8ccffs00jl16qzp7ordld9,cmn8ccdib004q16qzqj6exp7f,,200,g,19.42
cmna3kq7500fl15pii78plk4m,cmn8ccffs00jl16qzp7ordld9,cmn8ccf0w00fn16qz3lfgsq22,,150,g,7.7925
cmna3kq7a00fn15piytux0qbi,cmn8ccffs00jl16qzp7ordld9,cmn8ccdf8004d16qz1kj5rrsn,,1125,g,21.7125
cmna3kq9m00g815pity3w5y2a,cmn8ccfdh00ir16qz9nm0bbzc,cmn8ccdiq004v16qzl8hjsn1c,,3,l,15.3
cmna3kq9l00g715pis0kqjpof,cmn8ccfdh00ir16qz9nm0bbzc,cmn8ccedr00bd16qzpxzgt7cn,,1,kg,5.72
cmna3kq8q00fw15pixtc6pfuv,cmn8ccfjd00kp16qzkp5uc5nl,cmn8ccdwu007c16qzu6ltj7vf,,40,g,3.2376
cmna3kq9n00g915piui5r9ojd,cmn8ccfdh00ir16qz9nm0bbzc,cmn8ccdtt006q16qzcks7c3mw,,800,ml,3.5862
cmna3kq9h00g415pi60gnhf0u,cmn8ccfdh00ir16qz9nm0bbzc,cmn8ccder004b16qz876pxlev,,140,g,1.47
cmna3kq9j00g515piz28m1v1f,cmn8ccfdh00ir16qz9nm0bbzc,cmn8ccebm00b216qz8sp7y9ri,,1,kg,3.8182
cmna3kq9o00ga15pikbjh3c3h,cmn8ccfdh00ir16qz9nm0bbzc,cmn8ccf7g00h716qzb94onjnt,,2,l,8.22
cmna3kqah00gi15piw9p7a7m2,cmn8ccfdd00ip16qze0cjgz4o,cmn8ccez300fa16qz1mdo57w2,,200,g,2.2381
cmna3kqam00gl15pi6srwpo0w,cmn8ccfdd00ip16qze0cjgz4o,,cmn8ccfcu00ii16qz5rgjmnej,30,serve,22.015
cmna3kqal00gk15pi03p28o3a,cmn8ccfdd00ip16qze0cjgz4o,cmn8cce8z00ab16qzv0cloyz3,,15,g,0.168
cmna3kqao00gm15piyhmlgijg,cmn8ccfdd00ip16qze0cjgz4o,cmn8cccg7001d16qzg286apay,,208,g,3.3488
cmna3kqaa00gh15pij1tzuc5j,cmn8ccfen00j716qz49oyxe26,cmn8cceak00ap16qzi9i0f0a9,,50,g,0.6862
cmna3kqa600gf15pimghoriml,cmn8ccfen00j716qz49oyxe26,,cmn8ccfer00j916qzh1x1420z,100,g,1.355
cmna3kq8p00fv15pi1yrvd3km,cmn8ccfjd00kp16qzkp5uc5nl,cmn8ccdry006a16qzd812bt6x,,40,ea,8
cmna3kq9v00gb15pi69d33izo,cmn8ccfl400lg16qzlmxz0vik,cmn8ccdxg007i16qz2uy4hc3i,,600,ml,5.688
cmna3kqb100gq15pia3l8p7s5,cmn8ccfkj00l516qzk8s75qd3,cmn8ccder004b16qz876pxlev,,100,g,1.05
cmna3kqb500gs15piwys9f50o,cmn8ccfkj00l516qzk8s75qd3,cmn8cceht00cd16qzlfxe3emd,,550,g,1.056
cmna3kqa000ge15piknc68wmh,cmn8ccfl400lg16qzlmxz0vik,cmn8ccepy00dx16qz67lavruu,,20,ml,1.4194
cmna3kqb000gp15pi1whndctu,cmn8ccfkj00l516qzk8s75qd3,cmn8ccer200e616qzwbqhl3tt,,600,g,8.028
cmna3kq9x00gc15pi9c7drcsx,cmn8ccfl400lg16qzlmxz0vik,cmn8cccxs002u16qzw5hx9l2f,,185,g,0.4967
cmna3kq8n00fu15pi65uerkp4,cmn8ccfjd00kp16qzkp5uc5nl,cmn8ccdwm007916qzosd7ljjv,,40,ea,19.2
cmna3kq8r00fx15pij8287z1a,cmn8ccfjd00kp16qzkp5uc5nl,cmn8cce57009c16qz44cqmzcg,,20,g,0
cmna3kq8i00fr15pif0yunbj6,cmn8ccfjd00kp16qzkp5uc5nl,cmn8cce4l009816qziv1pk29j,,3200,ml,31.04
cmna3kq6t00ff15piiosc970j,cmn8ccfof00mt16qzwc0rkvpz,cmn8ccf7500h316qzcibsobqu,,150,g,13.0313
cmna3kq8m00ft15pixbchwio7,cmn8ccfjd00kp16qzkp5uc5nl,cmn8ccd5g003i16qzk6nj0wf8,,2800,g,4.9392
cmna3kq6l00fb15pi7al4f843,cmn8ccfly00lt16qzjj3q4k80,,cmn8ccflv00ls16qzlmcq0zp0,20,g,0.1378
cmna3kq6r00fd15pipgwi734x,cmn8ccfof00mt16qzwc0rkvpz,cmn8ccdk5005216qz0ryvd28g,,1800,g,15.8582
cmna3kq6s00fe15pitmdvbw3a,cmn8ccfof00mt16qzwc0rkvpz,cmn8ccf6s00gz16qzm0dlc3ed,,900,g,14.4
cmqabldkv000d76q0bxyx0yw3,cmqabldju000876q007pjrh0e,cmqablcwl000176q0vnvji377,,9,l,36.99
cmna3kq9y00gd15piwtyqlox7,cmn8ccfl400lg16qzlmxz0vik,cmn8ccdwm007916qzosd7ljjv,,6,ea,2.88
cmna3kq6q00fc15pi3trg20mk,cmn8ccfof00mt16qzwc0rkvpz,cmn8ccduo006w16qztv7lvs3x,,6000,g,28.368
cmna3kq7d00fo15pidd7zce2g,cmn8ccffs00jl16qzp7ordld9,cmn8ccewq00f016qz4a9ksvkv,,250,g,7.0938
cmna3kqb300gr15pi3wfjoxlt,cmn8ccfkj00l516qzk8s75qd3,cmn8ccdu7006s16qznmtbwssr,,100,g,4.4444
cmo2ameka000201n5n2i1wiw8,cmn8ccfk100kx16qzhd30scvq,cmn8ccfas00hq16qza546j0xj,,2.4,g,0.0446
cmna3kq8k00fs15picq03cpey,cmn8ccfjd00kp16qzkp5uc5nl,cmn8ccczy003016qzul0og9hz,,380,g,4.484
cmna3kq6g00fa15pi4g4lyoqj,cmn8ccfnv00mk16qzwa5goujx,,prep_fruit_glaze_01,6,g,0.0506
cmna3kqak00gj15pijvyzmdv3,cmn8ccfdd00ip16qze0cjgz4o,cmn8ccer200e616qzwbqhl3tt,,13,g,0.1739
cmna3kqa700gg15pixzoqh0cz,cmn8ccfen00j716qz49oyxe26,cmn8ccf7p00ha16qz018cobrn,,20,g,0.4333
cmna3kq9k00g615pi5aejz33z,cmn8ccfdh00ir16qz9nm0bbzc,cmn8ccf8h00hf16qzp111hwwi,,5,l,0
cmna3kq9c00g215pi79ulzpzi,cmn8ccfgb00jv16qz8a10y7g3,cmn8ccczy003016qzul0og9hz,,3600,g,42.48
cmna3kqf300i015pipse5768j,cmn8ccfcz00ik16qzjn3spbr0,cmn8ccchy001h16qzd99l3yk2,,3825,g,2.295
cmna3kqfh00i415pisqw4n0ch,cmn8ccfh100k616qzgmb92n40,cmn8ccd5g003i16qzk6nj0wf8,,360,g,0.635
cmna3kqfj00i515pi16ra1gw5,cmn8ccfh100k616qzgmb92n40,cmn8ccf3400g616qzc5i2k5g2,,180,g,0.1666
cmna3kqd400hj15pi5bednv8v,cmn8ccfcm00if16qz55z7enao,cmn8cce4l009816qziv1pk29j,,100,ml,0.97
cmna3kqbu00h115pi47x0nvbh,cmn8ccfo300mo16qzweiout7g,cmn8ccdy4007o16qzn3sdkfyl,,20,ml,0.2892
cmna3kqck00hb15piok605knt,cmn8ccfee00j216qzar8ym1dj,cmn8ccdwm007916qzosd7ljjv,,0.13,dozen,0.7488
cmna3kqbe00gw15pi8fiyxgg5,cmn8ccffq00jk16qzgmoi7eg1,cmn8ccetb00eh16qzqxtgd887,,20,g,0.2332
cmna3kqdu00hq15pio1hfc22h,cmn8ccffo00jj16qzbo5aiv72,cmn8ccctg002g16qz3mns6yns,,75,g,6.81
cmna3kqdo00hn15pij2epeq1y,cmn8ccffo00jj16qzbo5aiv72,cmn8ccdwm007916qzosd7ljjv,,3.5,dozen,20.16
cmna3kqfn00i615piv926nwig,cmn8ccfh100k616qzgmb92n40,cmn8ccf6s00gz16qzm0dlc3ed,,5000,g,80
cmna3kqbk00gy15piwo53ufdp,cmn8ccfnj00mf16qzpgo76teh,,cmn8ccfgt00k216qzddcrirt9,55,g,0.3748
cmna3kqd000hh15piqj1dxzo0,cmn8ccfcm00if16qz55z7enao,cmn8ccd5g003i16qzk6nj0wf8,,3,kg,5.292
c143f6fa9594b41b0a6ea36f0c5412a5f,prep_house_granola_01,cmn8ccc6u000p16qzmhih4oee,,1166,g,20.0319
c678372475d064f78956181423a44d035,prep_house_granola_01,cmn8ccf2800fz16qz4ku22ob3,,532,g,3.2718
ce6234612c8b14a9db0b10df7768cd141,prep_house_granola_01,cmn8ccepf00dt16qzt1akg2l5,,4000,g,16.68
cmna3kqbv00h215pikvszufsq,cmn8ccfo300mo16qzweiout7g,cmn8ccder004b16qz876pxlev,,20,g,0.21
cmna3kqbz00h515pi9c78blbf,cmn8ccfo300mo16qzweiout7g,cmn8ccdlb005816qzpmozxk83,,10,g,0.128
cmna3kqbw00h315pi07elmyoz,cmn8ccfo300mo16qzweiout7g,cmn8cceua00eo16qzjx32sq2r,,50,g,0.975
cmna3kqc400h815pie8a71tp6,cmn8ccfo300mo16qzweiout7g,cmn8ccf3c00g816qzwg66cnem,,30,g,0.415
cmna3kqcm00hc15pivexnk6hw,cmn8ccfee00j216qzar8ym1dj,cmn8ccer200e616qzwbqhl3tt,,8,g,0.107
cmna3kqdt00hp15pi3sqzm5pd,cmn8ccffo00jj16qzbo5aiv72,cmn8ccehw00ce16qzyq9c03w1,,300,g,0.2138
cmna3kqc900h915piorur49pi,cmn8ccfee00j216qzar8ym1dj,cmn8ccez300fa16qz1mdo57w2,,85,g,0.9512
cmna3kqcs00hf15pizysvbdsa,cmn8ccfee00j216qzar8ym1dj,,cmn8ccfi400kf16qzeuqcov62,40,g,0.5931
cmna3kqcb00ha15pivjr60fn1,cmn8ccfee00j216qzar8ym1dj,cmn8cccg7001d16qzg286apay,,60,g,0.966
cmna3kqbd00gv15piz72ntgu9,cmn8ccffq00jk16qzgmoi7eg1,cmn8ccee800bi16qzmj98xp22,,40,g,0.5508
cmna3kqff00i315pihiwiox3i,cmn8ccfh100k616qzgmb92n40,cmn8ccehw00ce16qzyq9c03w1,,6000,g,4.2768
cmna3kqfr00i715piuokhlowp,cmn8ccfh100k616qzgmb92n40,cmn8ccf8h00hf16qzp111hwwi,,1300,ml,0
cmna3kqbl00gz15pi6xklux0u,cmn8ccfnj00mf16qzpgo76teh,,cmn8ccfgf00jx16qz11yjlu6a,170,ml,0.8018
cf07596a9230f4178a9878fd877ecbfde,prep_house_granola_01,cmn8ccegg00c016qzsoar7wat,,532,g,4.8944
cmna3kqby00h415pippbco1ht,cmn8ccfo300mo16qzweiout7g,cmn8ccdx7007f16qzomqve5d5,,15,g,0.123
cmna3kqc200h715pit3odtrco,cmn8ccfo300mo16qzweiout7g,cmn8cce5e009e16qzm8ndj9g1,,0.5,ea,1.475
cmna3kqcq00he15piprefa74k,cmn8ccfee00j216qzar8ym1dj,cmn8cce8800a416qzvym58q04,,5,g,0.7733
cmna3kqco00hd15piu9rs9eyf,cmn8ccfee00j216qzar8ym1dj,,cmn8ccffs00jl16qzp7ordld9,16,g,0.2207
cmna3kqf700i215pi3a3762xx,cmn8ccfcz00ik16qzjn3spbr0,cmn8ccf8h00hf16qzp111hwwi,,4425,ml,0
cmna3kqf500i115pixkodro6t,cmn8ccfcz00ik16qzjn3spbr0,cmn8ccfbo00i416qz9vh7ebds,,24,g,0.1694
ce5151b482cc94501b98b5b8e68888463,prep_house_granola_01,cmn8ccdj4004y16qzbmaepa51,,2000,g,23.58
cmna3kqbc00gu15piy7opm1w0,cmn8ccffq00jk16qzgmoi7eg1,cmn8ccf2000fx16qzr3c07whz,,40,g,0.7384
cmna3kqdm00hm15pip22ylfee,cmn8ccffo00jj16qzbo5aiv72,ing_milk_capo_brown,,3000,ml,5.355
cmna3kqds00ho15pi597g0wxm,cmn8ccffo00jj16qzbo5aiv72,cmn8ccd5g003i16qzk6nj0wf8,,600,g,1.0584
cmna3kqbn00h015pimi53vpua,cmn8ccfnj00mf16qzpgo76teh,cmn8ccd5g003i16qzk6nj0wf8,,10,g,0.0176
cmna3kqdh00hl15pi7p133ng6,cmn8ccfm300lv16qzpnt66tin,,cmn8ccfe700iz16qzm3g3mqsl,220,g,3.152
cmna3kqdf00hk15pi7lpkyhag,cmn8ccfm300lv16qzpnt66tin,,cmn8ccfm800lw16qz2yi8pvzq,1.4,kg,12.1254
cmna3kqg900ia15pi8sfm0fic,cmn8ccfok00mw16qzj4uc18d0,cmn8ccdf8004d16qz1kj5rrsn,,500,g,9.65
cmna3kqga00ib15pihwi61mzp,cmn8ccfok00mw16qzj4uc18d0,cmn8ccdos005r16qzxdnylhe6,,800,g,16.6857
cmna3kqcz00hg15pi84da3kqv,cmn8ccfcm00if16qz55z7enao,cmn8cceoj00do16qzd1hp5l4r,,5,l,23.5278
cmna3kqd200hi15pien56pkqs,cmn8ccfcm00if16qz55z7enao,cmn8ccf3400g616qzc5i2k5g2,,255,g,0.2361
cmna3kqh900iq15piden23op2,cmn8ccfdb00io16qzz78e5pel,cmn8ccf3400g616qzc5i2k5g2,,10,g,0.0093
cmna3kqh800ip15pikw16vlva,cmn8ccfdb00io16qzz78e5pel,cmn8ccer200e616qzwbqhl3tt,,750,g,10.035
cmna3kqla00js15pixhg965lt,cmn8ccflc00lk16qzt2kyevl3,cmn8cceo300dj16qzvf9idiit,,1,l,3.51
cmna3kqj300j915piatulik3q,cmn8ccfgr00k116qzcde38a3o,cmn8cceam00aq16qzdujw8esu,,100,g,1.89
cmna3kqj500jb15pibfvtdpid,cmn8ccfgr00k116qzcde38a3o,cmn8cceoj00do16qzd1hp5l4r,,600,ml,2.8233
cmna3kqi900iy15pilnqwk5fn,cmn8ccfoi00mv16qzho6yi489,cmn8cccir001j16qzey7j13m7,,60,g,0.426
cmna3kqjy00jj15pip8hggn8x,cmn8ccfjk00ks16qzb53yw876,cmn8cce11008a16qzbs68eyc5,,1500,g,7.6596
cmna3kqie00iz15pi2mstyin6,cmn8ccflr00lr16qzsh8vckiz,cmn8ccdwy007d16qz6wgbu2x1,,2.1,kg,32.5332
cmna3kqi600iw15pi6zx9uexn,cmn8ccfoi00mv16qzho6yi489,cmn8ccfbo00i416qz9vh7ebds,,100,g,0.706
cmna3kqgb00ic15pidb1t97sm,cmn8ccfok00mw16qzj4uc18d0,cmn8ccdlp005a16qz5ettqeq4,,2800,g,1.4784
cmna3kqi300iv15pirpi8kyw9,cmn8ccfoi00mv16qzho6yi489,cmn8ccf8h00hf16qzp111hwwi,,4.3,l,0
cmna3kqgx00ik15pigjfgiilp,cmn8ccfi700kg16qzw44ns2xf,cmn8cce1c008d16qzipr2g3db,,290,g,2.4283
cmna3kqj600jc15pin1h8cpu0,cmn8ccfgr00k116qzcde38a3o,cmn8ccd3z003d16qz9vi0a858,,400,g,24.6133
cmna3kqgr00ih15pi2ao3kj13,cmn8ccfi700kg16qzw44ns2xf,cmn8ccdpu005z16qz2up6s4h4,,180,g,1.3214
cmna3kqj000j715pitxsu9s0w,cmn8ccfgr00k116qzcde38a3o,cmn8ccdu7006s16qznmtbwssr,,300,g,13.3333
cmna3kqh100in15pic39w7jra,cmn8ccfi700kg16qzw44ns2xf,cmn8ccfaz00ht16qzkjruiviu,,600,g,16.5
cmna3kqgz00im15pi2lmcyyjk,cmn8ccfi700kg16qzw44ns2xf,cmn8ccdwh007816qzjszfjjcs,,6,g,0.0599
cmna3kqhz00iu15pir4u0wdeo,cmn8ccfoi00mv16qzho6yi489,cmn8ccd5g003i16qzk6nj0wf8,,100,g,0.1764
cmna3kqim00j215pi7uzvomah,cmn8ccflr00lr16qzsh8vckiz,cmn8ccepp00dv16qz7bjoj56a,,50,g,5.25
cmna3kqlk00ju15piuxuxxp6w,cmn8ccflc00lk16qzt2kyevl3,cmn8ccf3400g616qzc5i2k5g2,,50,g,0.0463
cmna3kqj700jd15pivli9105e,cmn8ccfgr00k116qzcde38a3o,cmn8ccfas00hq16qza546j0xj,,100,g,1.86
cmna3kqgd00id15pi6t8mrhqo,cmn8ccfok00mw16qzj4uc18d0,cmn8ccei100cg16qzen7fnosh,,150,g,0.3316
cmna3kqii00j115piqj4m7zss,cmn8ccflr00lr16qzsh8vckiz,cmn8cccrt002916qz50nmrlz0,,20,g,0.4098
cmna3kqgm00ig15pi4xpaoytc,cmn8ccfok00mw16qzj4uc18d0,cmn8ccfas00hq16qza546j0xj,,400,g,7.44
cmna3kqgk00if15pih55hve5p,cmn8ccfok00mw16qzj4uc18d0,cmn8cceqg00e116qzml1ovcc3,,3,g,10.5
cmna3kqky00jq15piwffee6e5,cmn8ccflc00lk16qzt2kyevl3,cmn8ccebm00b216qz8sp7y9ri,,5,kg,19.0909
cmna3kqht00it15pi5jckx31g,cmn8ccfoi00mv16qzho6yi489,cmn8ccehw00ce16qzyq9c03w1,,700,g,0.499
cmna3kqi700ix15piy155l93a,cmn8ccfoi00mv16qzho6yi489,cmn8ccf3400g616qzc5i2k5g2,,40,g,0.037
cmna3kqj900je15pirw4tztc3,cmn8ccfgr00k116qzcde38a3o,cmn8ccdry006a16qzd812bt6x,,340,g,3.4
cmna3kqjb00jf15piwwq2eenb,cmn8ccfgr00k116qzcde38a3o,cmn8ccdpu005z16qz2up6s4h4,,400,g,2.9364
cmna3kqji00jg15pi7u39izxs,cmn8ccfgr00k116qzcde38a3o,cmn8ccc95000v16qz4ji0434g,,100,ml,0.5395
cmna3kqj100j815pig4f70git,cmn8ccfgr00k116qzcde38a3o,cmn8cceqk00e216qz31hpan3x,,1,ea,6.7857
cmna3kqjl00jh15pics94hlbz,cmn8ccfgr00k116qzcde38a3o,cmn8cceue00ep16qz2hl01jid,,100,ml,2.1267
cmna3kqjo00ji15pilpy5yynm,cmn8ccfgr00k116qzcde38a3o,cmn8ccf3400g616qzc5i2k5g2,,50,g,0.0463
cmna3kqiu00j415pibd53im1r,cmn8ccfgr00k116qzcde38a3o,cmn8ccer200e616qzwbqhl3tt,,5000,g,66.9
cmna3kqix00j515piryppjwi7,cmn8ccfgr00k116qzcde38a3o,cmn8ccebi00b116qzgsr52n6x,,5400,g,11.3523
cmna3kqlh00jt15pi0ci0ki0x,cmn8ccflc00lk16qzt2kyevl3,cmn8ccf8h00hf16qzp111hwwi,,250,ml,0
cmna3kqj400ja15pi8xix3xab,cmn8ccfgr00k116qzcde38a3o,cmn8ccdr6006616qzrpdcjf0j,,100,g,1.14
cmna3kqkh00jn15pis5r649jg,cmn8ccfmh00m016qzmgo4251i,cmn8ccegt00c516qzd5ceto3n,,5,kg,45.0758
cmna3kqgt00ii15pi7x6v3cyg,cmn8ccfi700kg16qzw44ns2xf,cmn8cce1i008f16qzo79t9fwo,,71,g,1.1715
cmna3kqk500jl15pineq45wo1,cmn8ccfjk00ks16qzb53yw876,cmn8cce57009c16qz44cqmzcg,,6,g,0
cmna3kqk000jk15pigdyscre6,cmn8ccfjk00ks16qzb53yw876,cmn8cceaz00aw16qzy37t9d4e,,60,g,5.2941
cmna3kqkl00jo15pic0itf9p7,cmn8ccfmh00m016qzmgo4251i,cmn8ccf3400g616qzc5i2k5g2,,250,g,0.2314
cmna3kqkt00jp15pig8j7wz4p,cmn8ccfno00mh16qzoq4uqwfz,,cmn8ccfnl00mg16qzfqwn6wh1,0.33,ea,0.5016
cmna3kqig00j015pibatuxyps,cmn8ccflr00lr16qzsh8vckiz,cmn8ccf3400g616qzc5i2k5g2,,200,g,0.1851
cmna3kqgi00ie15pix9tnabeo,cmn8ccfok00mw16qzj4uc18d0,cmn8ccdf8004d16qz1kj5rrsn,,100,g,1.93
cmna3kqiz00j615pi9dyje6xr,cmn8ccfgr00k116qzcde38a3o,cmn8cccmq001s16qz917ou9p5,,200,ml,3.572
cmna3kqhp00is15pizpbzi80y,cmn8ccfoi00mv16qzho6yi489,cmn8ccfb300hv16qzgvi23psk,,2.1,kg,2.268
cmna3kqk800jm15piswy1wl6b,cmn8ccfjk00ks16qzb53yw876,,cmn8ccfjf00kq16qzldg6xe79,90,ml,0.6768
cmna3kqha00ir15pii5aazczi,cmn8ccfdb00io16qzz78e5pel,cmn8ccdi0004o16qz120b0o8s,,300,g,5.445
cmna3kqgy00il15pijmjync9v,cmn8ccfi700kg16qzw44ns2xf,cmn8ccee800bi16qzmj98xp22,,5,g,0.0689
cmna3kql500jr15pi5mzge0pt,cmn8ccflc00lk16qzt2kyevl3,cmn8ccd5g003i16qzk6nj0wf8,,500,g,0.882
cmna3kqmd00k215piw7dh16p8,cmn8ccfe000iw16qzgv7ml8w4,cmn8ccehw00ce16qzyq9c03w1,,390,g,0.278
cmna3kqmi00k415pi43i2wl5f,cmn8ccfe000iw16qzgv7ml8w4,cmn8cccir001j16qzey7j13m7,,15,g,0.1065
cmna3kqmj00k515pic3dwl8zh,cmn8ccfe000iw16qzgv7ml8w4,cmn8ccetb00eh16qzqxtgd887,,5,g,0.0583
cmna3kqm600jy15pi60df2xcr,cmn8ccfe000iw16qzgv7ml8w4,cmn8ccf6w00h016qz8qfgiufq,,375,g,4.425
cmna3kqm900k015piidfz0dce,cmn8ccfe000iw16qzgv7ml8w4,cmn8cccxs002u16qzw5hx9l2f,,300,g,0.8054
cmna3kqn900ki15piub899uib,cmn8ccffh00jg16qz4j6fuwav,cmn8ccf3400g616qzc5i2k5g2,,8,g,0.0074
cmna3kqnc00kk15pi1jwflz7x,cmn8ccffh00jg16qz4j6fuwav,cmn8cce4l009816qziv1pk29j,,50,ml,0.485
cmna3kqn800kh15pi66tcq405,cmn8ccffh00jg16qz4j6fuwav,cmn8cce20008l16qz5no08ewr,,2420,g,6.3969
cmna3kqn600kg15pipz7u741s,cmn8ccffh00jg16qz4j6fuwav,cmn8ccdo6005l16qz70qf22io,,2000,g,40.26
cmna3kqp300lc15piumbwppqf,cmn8ccfcu00ii16qz5rgjmnej,cmn8cceb800az16qz36j5prxg,,50,ml,0.616
cmna3kqo300kx15pi78ekh3v5,cmn8ccfj600kn16qzoik02wm6,cmn8ccdwm007916qzosd7ljjv,,4,ea,1.92
cmna3kqo800l015pio0yb14tw,cmn8ccfj600kn16qzoik02wm6,cmn8cccir001j16qzey7j13m7,,12.5,g,0.0888
cmna3kqo500ky15picf79anzy,cmn8ccfj600kn16qzoik02wm6,cmn8ccehw00ce16qzyq9c03w1,,450,g,0.3208
cmna3kqo900l115piiskxj74j,cmn8ccfj600kn16qzoik02wm6,cmn8cce4b009616qzmwnpe09j,,18.75,g,1.2375
cmna3kqoc00l215picgpr6pxb,cmn8ccfj600kn16qzoik02wm6,cmn8cce4l009816qziv1pk29j,,37.5,ml,0.3638
cmna3kqp100lb15piz96saz89,cmn8ccfcu00ii16qz5rgjmnej,cmn8ccdv0006z16qzd4oa1in8,,50,g,0.564
cmna3kqog00l315pif3sf82g1,cmn8ccfj600kn16qzoik02wm6,,cmn8ccfja00ko16qzngc8t5co,0.25,serve,1.8075
cmna3kqow00l715pixj3uk18d,cmn8ccfcu00ii16qz5rgjmnej,cmn8ccdpn005y16qzq11v1l6r,,5,kg,44.75
cmna3kqoy00l815pinszydtej,cmn8ccfcu00ii16qz5rgjmnej,cmn8cccxs002u16qzw5hx9l2f,,2,kg,5.3693
cmna3kqp000la15pi5q2pn9y2,cmn8ccfcu00ii16qz5rgjmnej,cmn8cccg7001d16qzg286apay,,5,kg,80.5
cmna3kqmx00kc15pia2ptfgl0,cmn8ccfkh00l416qz8ujk8rfo,cmn8cccrt002916qz50nmrlz0,,35,g,0.7172
cmna3kqmz00kd15pi3pd3p6k3,cmn8ccfkh00l416qz8ujk8rfo,cmn8ccdw7007616qzawph4ea6,,200,g,1.377
cmna3kqn000ke15pil3vqonwt,cmn8ccfkh00l416qz8ujk8rfo,cmn8cceua00eo16qzjx32sq2r,,500,g,9.75
cmna3kqmu00k915pi3m9mui0v,cmn8ccfkh00l416qz8ujk8rfo,cmn8cccmq001s16qz917ou9p5,,30,g,0.5358
cmna3kqnr00kt15pi8dxvoi86,cmn8ccfn600m916qzkgz5n4vq,,cmn8ccfhy00kd16qzbtn5rxja,45,ml,0.2246
cmna3kqnh00kl15pihsxmk953,cmn8ccfn600m916qzkgz5n4vq,cmn8cccy9002v16qzy4145erv,,70,g,0.672
cmna3kqmq00k615pivdlu8tyq,cmn8ccfkh00l416qz8ujk8rfo,cmn8ccea500ak16qz85w32ndx,,3000,g,42.9381
cmna3kqms00k715pikqtciy98,cmn8ccfkh00l416qz8ujk8rfo,cmn8ccea100aj16qz2u8q5m1r,,1000,g,14.0464
cmna3kqny00kv15pi6fty7ypg,cmn8ccfj600kn16qzoik02wm6,cmn8ccczy003016qzul0og9hz,,297,g,3.5046
cmna3kqnl00ko15pi1xdgdp9k,cmn8ccfn600m916qzkgz5n4vq,cmn8ccd5r003j16qzn0kldfg2,,32,g,0.298
cmna3kqoq00l515pizq0cnbg4,cmn8ccfjh00kr16qz07dwv2ut,cmn8ccdw7007616qzawph4ea6,,200,g,1.377
cmna3kqor00l615pixztgtkps,cmn8ccfjh00kr16qz07dwv2ut,cmn8cceua00eo16qzjx32sq2r,,130,g,2.535
cmna3kqnk00kn15pi20s252gs,cmn8ccfn600m916qzkgz5n4vq,cmn8cccvm002p16qzvyrwgznl,,32,g,0.2723
cmna3kqni00km15pixuhb6eu4,cmn8ccfn600m916qzkgz5n4vq,,cmn8ccfl600lh16qzqeaxlgoa,1,serve,1.238
cmna3kqnm00kp15pis0ewgiiy,cmn8ccfn600m916qzkgz5n4vq,,cmn8ccflh00ln16qzf0wz57u7,1,serve,0.4819
cmna3kqnt00ku15pi81mvut7i,cmn8ccfn600m916qzkgz5n4vq,cmn8ccdfu004g16qzynxy0p7p,,4,g,0.1778
cmna3kqnn00kq15picnm6m8qg,cmn8ccfn600m916qzkgz5n4vq,cmn8ccdxs007k16qzzj28skv3,,50,g,1.125
cmna3kqno00kr15pimgbnz33m,cmn8ccfn600m916qzkgz5n4vq,cmn8ccdq8006116qzvngx3xw3,,4,g,0.17
cmna3kqmv00ka15pimvzhg2i1,cmn8ccfkh00l416qz8ujk8rfo,cmn8cceb200ax16qzyoeb56yv,,300,ml,2.13
c9b762984ea5b4884a151a76ff99f697b,prep_house_granola_01,cmn8ccdi6004p16qzlnw5sher,,16,g,0.3437
c199dac531be343628c9a521f89632353,prep_house_granola_01,cmn8ccf3400g616qzc5i2k5g2,,20,g,0.0185
cmna3kqoo00l415pi55alprif,cmn8ccfjh00kr16qz07dwv2ut,cmn8ccer200e616qzwbqhl3tt,,5000,g,66.9
cmna3kqoz00l915pick4gik1u,cmn8ccfcu00ii16qz5rgjmnej,cmn8cccj3001k16qzxt53lqvs,,100,ml,0.292
cmna3kqlm00jv15pi3a5olh1d,cmn8ccflc00lk16qzt2kyevl3,cmn8cccqn002516qz14bnkc8e,,1,kg,2
cmna3kqp900ld15piohjxcrj4,cmn8ccfnq00mi16qztbs5b6ue,,cmn8ccfgt00k216qzddcrirt9,55,g,0.3748
cmna3kqo600kz15pih92ndaqb,cmn8ccfj600kn16qzoik02wm6,cmn8ccf3400g616qzc5i2k5g2,,15,g,0.0139
cmna3kqnb00kj15pihud541j5,cmn8ccffh00jg16qz4j6fuwav,cmn8ccf7500h316qzcibsobqu,,20,g,1.7375
cmna3kqmb00k115pid4hzd8fu,cmn8ccfe000iw16qzgv7ml8w4,cmn8ccdwm007916qzosd7ljjv,,6,ea,2.88
cmna3kqlw00jw15pi0ogqvzxp,cmn8ccfk900l116qza7ltat70,,cmn8ccfk700l016qzgzxu14va,1,ea,1.8383
cmna3kqnq00ks15pist4oag2e,cmn8ccfn600m916qzkgz5n4vq,cmn8cce8l00a816qzkxgglmi8,,4,g,0.1486
cmna3kqmw00kb15pi5g23i3kv,cmn8ccfkh00l416qz8ujk8rfo,cmn8ccf3400g616qzc5i2k5g2,,100,g,0.0926
cmna3kqst00mv15pit454eti9,cmn8ccfd200il16qzn5x0bm3e,cmn8ccdpu005z16qz2up6s4h4,,45,g,0.3303
cmna3kqss00mu15pio34p9yg2,cmn8ccfd200il16qzn5x0bm3e,cmn8ccfbi00i216qzxwuojbsy,,30,ml,0.1173
cmna3kqsu00mw15piiukiorej,cmn8ccfd200il16qzn5x0bm3e,cmn8cceze00fc16qzjkzlwmey,,800,ml,8.0311
cmna3kqsq00mt15pi81z7hphz,cmn8ccfd200il16qzn5x0bm3e,cmn8ccc95000v16qz4ji0434g,,700,ml,3.7765
cmna3kqsk00mp15piry3j97vv,cmn8ccfd200il16qzn5x0bm3e,cmn8ccf5b00gl16qz4t0jvh1f,,2500,ml,6.7188
cmna3kqsl00mq15pi2nnodjuu,cmn8ccfd200il16qzn5x0bm3e,cmn8ccf5n00gp16qz5u0xwjw8,,900,g,6.7765
cmna3kqsm00mr15pitj3uyb8y,cmn8ccfd200il16qzn5x0bm3e,cmn8cce7l009x16qz90yjvb3g,,800,ml,19.68
cmna3kqrg00m915pi4bnh13ox,cmn8ccfgp00k016qzaajgqptm,cmn8ccf6s00gz16qzm0dlc3ed,,300,g,4.8
cmna3kqrf00m815pigm2x9aa8,cmn8ccfgp00k016qzaajgqptm,cmn8ccdk5005216qz0ryvd28g,,3900,g,34.3595
cmna3kqpx00lo15pisace19py,cmn8ccfe900j016qznoqfg7ux,,cmn8ccfgt00k216qzddcrirt9,400,g,2.7261
cmna3kqrt00md15pim472h55q,cmn8ccfia00kh16qzausx1d5v,cmn8ccdo6005l16qz70qf22io,,1300,g,26.169
cmna3kqru00me15pio7izn2su,cmn8ccfia00kh16qzausx1d5v,cmn8ccdnx005k16qz2c9ifcch,,200,g,1.396
cmna3kqrl00ma15pimdsi0y4g,cmn8ccfkl00l616qzzp5eelxq,cmn8cce7s009z16qzxvas9woe,,950,g,10.45
cmna3kqrn00mb15pi6j4akh86,cmn8ccfkl00l616qzzp5eelxq,cmn8ccdq1006016qzoj9vs8l7,,200,g,1.99
cmna3kqs500mk15pi3v0cw93t,cmn8ccfik00kk16qzhoajtewa,cmn8cccxs002u16qzw5hx9l2f,,2,kg,5.3693
cmna3kqs600ml15pi6fhef285,cmn8ccfik00kk16qzhoajtewa,cmn8cccj3001k16qzxt53lqvs,,100,ml,0.292
cmna3kqs000mg15piklzfg7sw,cmn8ccfik00kk16qzhoajtewa,cmn8cccgm001e16qzve6vs21e,,2500,g,38.75
cmna3kqs100mh15pi3d3m9kdo,cmn8ccfik00kk16qzhoajtewa,cmn8ccebi00b116qzgsr52n6x,,2500,g,5.2557
cmna3kqs300mi15piv7e7dton,cmn8ccfik00kk16qzhoajtewa,cmn8ccer200e616qzwbqhl3tt,,150,g,2.007
cmna3kqr300m415piwobuyxm0,cmn8ccfkv00la16qzw58kp21n,ing_milk_capo_brown,,300,ml,0.5355
cmna3kqqb00lv15pi758cm56r,cmn8ccfoc00ms16qznok1sw5z,cmn8cceda00b716qz0h7areay,,10,g,0.0187
cmna3kqq700ls15piu2awo1j7,cmn8ccfoc00ms16qznok1sw5z,cmn8ccd5r003j16qzn0kldfg2,,65,g,0.6053
cmna3kqpl00lj15pit4q6dq21,cmn8ccfmz00m616qzvbzoetl0,cmn8cceoa00dl16qzjyclub4x,,5,l,24.3175
cmna3kqr000m215pi1mwyfqmq,cmn8ccfkv00la16qzw58kp21n,cmn8ccdh1004k16qzk2z4pxti,,500,g,17.98
cmna3kqr400m515pir2onrfny,cmn8ccfkv00la16qzw58kp21n,cmn8cce8i00a716qzuulqx3a4,,150,g,2.5729
cmna3kqqo00lz15piicmtotxd,cmn8ccfgv00k316qzfxpevaoo,cmn8ccf3400g616qzc5i2k5g2,,10,g,0.0093
cmna3kqqk00lw15pivshyh9rz,cmn8ccfgv00k316qzfxpevaoo,cmn8ccdnx005k16qz2c9ifcch,,900,ml,6.282
cmna3kqqn00ly15pikjlum1ko,cmn8ccfgv00k316qzfxpevaoo,cmn8ccdwm007916qzosd7ljjv,,8,ea,3.84
pi_phf_01,new_pea_halloumi_01,cmn8ccdvj007216qzfmh0c350,,4,kg,23.2
cmna3kqql00lx15piknmskrf2,cmn8ccfgv00k316qzfxpevaoo,ing_milk_capo_brown,,1100,ml,1.9635
cmna3kqpd00lg15pi0y6a4h6e,cmn8ccfnq00mi16qztbs5b6ue,,prep_fruit_glaze_01,6,g,0.0506
cmna3kqpq00ll15pinxm1pymp,cmn8ccfmz00m616qzvbzoetl0,cmn8ccdf8004d16qz1kj5rrsn,,80,g,1.544
cmna3kqpi00lh15piise82c9h,cmn8ccfmz00m616qzvbzoetl0,cmn8cce20008l16qz5no08ewr,,4,kg,10.5733
cmna3kqpk00li15pigmhel3wc,cmn8ccfmz00m616qzvbzoetl0,cmn8cceom00dp16qzx7vztk3y,,2.3,kg,12.972
cmna3kqpo00lk15pivxf68oqc,cmn8ccfmz00m616qzvbzoetl0,cmn8ccf4k00gf16qzkxlj1hs6,,80,g,2.4773
cmna3kqqa00lu15pi3cc3vo9s,cmn8ccfoc00ms16qznok1sw5z,cmn8ccf6500gu16qzoeoxjzp1,,10,g,0.0973
cmna3kqpr00lm15pi7bz9g475,cmn8ccfmz00m616qzvbzoetl0,cmn8ccetb00eh16qzqxtgd887,,60,g,0.6995
c4a3d3bb352cc4749989fbece8f5b1ded,prep_house_granola_01,cmn8cccxs002u16qzw5hx9l2f,,332,g,0.8913
pi_phf_02,new_pea_halloumi_01,cmn8ccdwm007916qzosd7ljjv,,40,ea,19.2
c99e7eef324b34fa1adc7f6371d319476,prep_house_granola_01,cmn8ccem100d416qz5jahep2j,,660,g,6.5802
cmna3kqrd00m715pif5x3jvok,cmn8ccfgp00k016qzaajgqptm,cmn8ccduo006w16qztv7lvs3x,,6000,g,28.368
cmna3kqq200lr15pi2cg1ufv5,cmn8ccfe900j016qznoqfg7ux,,cmn8ccfeb00j116qz4tdx4iif,450,g,0.1839
cmna3kqpc00lf15piptfvi5yc,cmn8ccfnq00mi16qztbs5b6ue,cmn8ccemj00d916qzzupvmnnz,,85,g,2.448
cmna3ko2g002115pithq1y0tm,cmn8ccfey00jb16qziw6fotad,,cmn8ccffv00jn16qzwrf8rdzj,2065,g,13.6084
cmna3kqqq00m015piebsdo1l0,cmn8ccfgv00k316qzfxpevaoo,cmn8ccf7500h316qzcibsobqu,,40,g,3.475
cmna3kqsp00ms15piiorx6sv1,cmn8ccfd200il16qzn5x0bm3e,cmn8cceew00bo16qz4bwh9ad6,,600,ml,3.6171
cmna3kqr500m615pipx350ji4,cmn8ccfkv00la16qzw58kp21n,cmn8ccdnx005k16qz2c9ifcch,,1000,ml,6.98
cmna3kqs400mj15pi9qhunkqe,cmn8ccfik00kk16qzhoajtewa,cmn8ccdv0006z16qzd4oa1in8,,100,g,1.128
cmna3kqrv00mf15pimcm8vz6u,cmn8ccfia00kh16qzausx1d5v,cmn8ccdfu004g16qzynxy0p7p,,40,g,1.7778
cmna3kqqu00m115pix7ixjoji,cmn8ccfnx00ml16qztj8fin98,,cmn8ccfnv00mk16qzwa5goujx,0.33,ea,0.6006
cmna3kqro00mc15pikih6z8n8,cmn8ccfkl00l616qzzp5eelxq,cmn8cce1i008f16qzo79t9fwo,,80,g,1.32
cmna3knx2001g15piie2ftb96,cmn8ccffv00jn16qzwrf8rdzj,,cmn8ccffu00jm16qz3u6f2nny,1000,g,1.3833
cfa6e3044cde147c29366c1b15c9c3d37,prep_house_granola_01,cmn8ccctg002g16qz3mns6yns,,20,g,1.816
cmna3kqsv00mx15pik29lw6ej,cmn8ccfd200il16qzn5x0bm3e,cmn8cccrt002916qz50nmrlz0,,30,g,0.6147
cmqabldkv000f76q0f8r9x1qv,cmqabldju000876q007pjrh0e,cmn8ccebi00b116qzgsr52n6x,,2.5,kg,5.2557
cmna3kqto00n915pizlqtirkp,cmn8ccffm00ji16qzp3hg1xu1,cmn8ccdnx005k16qz2c9ifcch,,3000,ml,20.94
cmna3kqmg00k315piky0ila08,cmn8ccfe000iw16qzgv7ml8w4,cmn8ccdim004u16qz7zw2m3kp,,90,g,2.4615
cmna3kptq00b215piqg09ym0z,cmn8ccfg800jt16qzb8abc1x1,,cmn8ccfg600js16qz8dhl074n,0.33,ea,0.3762
cmna3kqt100n115piwms8urb4,cmn8ccfd200il16qzn5x0bm3e,cmn8ccfbm00i316qzalz0e87i,,10,g,0.15
cmna3kqth00n715pi74kadr7n,cmn8ccfo500mp16qzyrghzlcv,cmn8ccf8h00hf16qzp111hwwi,,70,ml,0
cmna3kqsy00mz15piny9slkn5,cmn8ccfd200il16qzn5x0bm3e,cmn8ccebq00b316qzna2yulkw,,30,g,0.2652
cmna3kqtc00n415pix3qbnxd4,cmn8ccfo500mp16qzyrghzlcv,cmn8ccedr00bd16qzpxzgt7cn,,170,g,0.9724
cf432fe2ae61a4764808ed7d6c8b8ec0f,prep_house_granola_01,cmn8cce1c008d16qzipr2g3db,,366,g,3.0646
cmna3kqsw00my15pii1kcg2x6,cmn8ccfd200il16qzn5x0bm3e,cmn8ccdwh007816qzjszfjjcs,,30,g,0.2997
c879774240db749c3aedbcbc36b7ff998,prep_house_granola_01,cmn8ccdnp005j16qznznlejcc,,466,g,6.4168
cmqafvsld0008ujq03wh6rxj6,cmqafvske0004ujq04b67v4vi,cmn8ccf3400g616qzc5i2k5g2,,170,g,0.1574
cmna3kq0400d715pi7terolke,cmn8ccfd600in16qzcb79y5vv,cmn8ccd4y003g16qzskcf306l,,512,g,0.809
cmna3kqsz00n015pistrlokwu,cmn8ccfd200il16qzn5x0bm3e,cmn8ccee800bi16qzmj98xp22,,20,g,0.2754
cmna3kqbg00gx15piu5ctv7li,cmn8ccffq00jk16qzgmoi7eg1,cmn8cceoa00dl16qzjyclub4x,,1,l,4.8635
cmna3kpv600bg15pimm82lz41,cmn8ccfej00j516qzlol5uyc0,cmn8cccir001j16qzey7j13m7,,30,g,0.213
cmna3koec003h15piit1nmmji,cmn8ccfe300ix16qz9sjzcttm,,cmn8ccfe000iw16qzgv7ml8w4,1,ea,1.2563
cmna3kpmj009o15pisp5foeq5,cmn8ccfeb00j116qz4tdx4iif,cmn8ccd5g003i16qzk6nj0wf8,,1000,g,1.764
c86d490ec57544a6cbb85d0c483f08eaa,prep_house_granola_01,cmn8ccf1y00fw16qzs8a77mff,,660,g,5.874
cmqabldkv000g76q0dsveqvfr,cmqabldju000876q007pjrh0e,cmn8ccebi00b116qzgsr52n6x,,5,kg,10.5114
cmqabldkv000e76q0ozmblug9,cmqabldju000876q007pjrh0e,cmn8ccer600e716qz7yv3o9fe,,1,kg,15.868
cmna3kqte00n515pikxti609u,cmn8ccfo500mp16qzyrghzlcv,cmn8ccf3400g616qzc5i2k5g2,,15,g,0.0139
cmna3kobr003315piji7v53un,cmn8ccfg000jp16qzdf9401zk,cmn8ccf8h00hf16qzp111hwwi,,1,l,0
cmna3kqq000lq15pih6c9vlsz,cmn8ccfe900j016qznoqfg7ux,cmn8ccd5g003i16qzk6nj0wf8,,50,g,0.0882
cmna3ko3t002715pi7ygjn62a,cmn8ccfet00ja16qzhj1ninmf,cmn8ccdxg007i16qz2uy4hc3i,,240,ml,2.2752
cmna3kqh600io15pimk17o3hv,cmn8ccfdb00io16qzz78e5pel,,cmn8ccfd600in16qzcb79y5vv,600,g,1.96
cmna3kqm300jx15piy2xxtjsg,cmn8ccfe000iw16qzgv7ml8w4,cmn8ccdhu004n16qzr0knftob,,600,g,18.3378
cmna3kov8004l15pik4gh90bj,cmn8ccfep00j816qz0ovz8ahc,ing_milk_capo_brown,,550,ml,0.9818
cmna3kqar00go15piz3w4s1rq,cmn8ccfdd00ip16qze0cjgz4o,cmn8ccf5500gj16qzpi1cp5rl,,90,g,0.645
cmqafvsur000cujq0d83ooei9,cmqafvsts000aujq0jvjxdydb,cmn8ccdw7007616qzawph4ea6,,5,g,0.0344
cmqafvsur000bujq0x646u105,cmqafvsts000aujq0jvjxdydb,cmqafvsci0003ujq0red2mek9,,1000,g,0
cmqafvsur000dujq0b2va72bx,cmqafvsts000aujq0jvjxdydb,cmn8ccepu00dw16qz8i1ptm4b,,15,g,0.422
cmqafvsur000eujq08hyjth3h,cmqafvsts000aujq0jvjxdydb,cmn8cceb500ay16qzjl2lz5ko,,60,ml,0.6825
cmna3knk7000f15pipre0t4y6,cmn8ccfl100le16qz0sgfh7ct,cmn8cccxs002u16qzw5hx9l2f,,850,g,2.282
cmqafvsld0009ujq0fbj4pqui,cmqafvske0004ujq04b67v4vi,cmn8ccegi00c116qz958nheka,,30,g,1.134
cmna3kpbt007o15pi82p5lxj2,cmn8ccffa00je16qz2smsyfbr,cmn8ccd5g003i16qzk6nj0wf8,,3100,g,5.4684
cmna3kq7600fm15pihecxbnv9,cmn8ccffs00jl16qzp7ordld9,cmn8cccrj002816qz0ap6g252,,100,g,2.549
cmna3komi004415picoronef1,cmn8ccfht00kc16qz0h8gno8t,cmn8ccd5x003k16qzt7ck4gbz,,4,ea,23.76
cmna3kqg400i915pilztabgr8,cmn8ccffx00jo16qzokdosyri,cmn8ccdon005p16qz1u3j937c,,1,ea,1.0987
cmna3kp5s006c15picf1ngn9y,cmn8ccfd400im16qz8dzqcws1,cmn8ccdcg004216qzeb1mwilf,,150,g,2.1495
cmna3kq2000dv15piuivg27o0,cmn8ccfg400jr16qzy3ti2slo,,cmn8ccfg000jp16qzdf9401zk,41.67,g,0.1687
cmna3kpzf00cy15piduegnyr9,cmn8ccfe700iz16qzm3g3mqsl,cmn8ccf6s00gz16qzm0dlc3ed,,780,g,12.48
cmna3kqtn00n815pirchksomq,cmn8ccffm00ji16qzp3hg1xu1,,cmn8ccffo00jj16qzbo5aiv72,3000,g,33.6
cmna3kp57006415pizbrlf65k,cmn8ccfgk00jy16qzrdudubaq,cmn8ccfbo00i416qz9vh7ebds,,72,g,0.5083
cmna3kpj6008m15pigdwhq1ju,cmn8ccffk00jh16qz0dwaxpxx,cmn8ccd5g003i16qzk6nj0wf8,,60,g,0.1058
cmqabldkv000h76q0foxgvx6m,cmqabldju000876q007pjrh0e,cmqablcxk000276q0290yqmkw,,350,ml,43.625
cmna3kpnw00a715pil16zudn7,cmn8ccfer00j916qzh1x1420z,cmn8ccf6s00gz16qzm0dlc3ed,,1,kg,16
cmna3kqba00gt15pimyvcx3nb,cmn8ccffq00jk16qzgmoi7eg1,cmn8ccdda004416qzxkanzh0e,,775,g,6.4713
cmna3kp31005k15piznm4jc7i,cmn8ccfe500iy16qzzagcoxu8,cmn8cccj3001k16qzxt53lqvs,,250,ml,0.73
cmna3kp0e005115pigmwyf1xd,cmn8ccfh700k816qzntj9ely1,cmn8ccdw7007616qzawph4ea6,,400,g,2.754
cmna3kqq800lt15pio5keiab9,cmn8ccfoc00ms16qznok1sw5z,cmn8cccd0001416qz2ubpok9k,,1,ea,2.95
cmqafvt8o000pujq0tgv3kp4d,cmqafvt7o000fujq0u9zjefn2,cmn8ccf7g00h716qzb94onjnt,,1000,ml,4.11
cmna3kqt800n315pi39adczed,cmn8ccfo500mp16qzyrghzlcv,cmn8cceom00dp16qzx7vztk3y,,100,g,0.564
cmna3kqt500n215pi2gu0mx7h,cmn8ccfo500mp16qzyrghzlcv,,cmn8ccfo300mo16qzweiout7g,1,serve,3.69
cmna3kqtf00n615pioe90bjq9,cmn8ccfo500mp16qzyrghzlcv,cmn8ccc95000v16qz4ji0434g,,250,ml,1.3488
cmimpb9ba2c15ec1bdb5f31f,cmimp0019d2eb389620008,cmn8cccxs002u16qzw5hx9l2f,,690,g,1.8524
cmimp5743cec0eb5eff57411,cmimp0019d2eb389620008,cmn8ccdw7007616qzawph4ea6,,30,g,0.2066
cmimp1df4d8371ef2a775891,cmimp0019d2eb389620008,cmn8cce6b009j16qzg2s1w0j3,,450,ml,4.7745
cmqafvt8n000iujq0beuktchj,cmqafvt7o000fujq0u9zjefn2,cmn8ccebi00b116qzgsr52n6x,,1600,g,3.3636
cmqafvt8n000oujq0cc81664f,cmqafvt7o000fujq0u9zjefn2,,cmqafvske0004ujq04b67v4vi,130,g,1.7284
cmimpc4cc8577413f3788390,cmimp0019d2eb389620008,cmn8ccdtt006q16qzcks7c3mw,,1170,ml,5.2448
cmqaid2jj0007l5q0pjzwguyh,cmqaid2ik0005l5q04fwyeno3,cmn8ccdw7007616qzawph4ea6,,200,g,1.377
cmqafvt8n000mujq08jegk2i3,cmqafvt7o000fujq0u9zjefn2,cmn8cccl2001o16qzmqxzk1q0,,1,ea,6.3846
cmqafvt8n000nujq0fi3wehji,cmqafvt7o000fujq0u9zjefn2,cmn8cccxs002u16qzw5hx9l2f,,300,g,0.8054
cmqafvt8n000jujq0260kahlq,cmqafvt7o000fujq0u9zjefn2,cmn8ccdw7007616qzawph4ea6,,1000,g,6.8851
cmqafvt8n000gujq09yp75qz4,cmqafvt7o000fujq0u9zjefn2,cmn8ccf5500gj16qzpi1cp5rl,,8000,g,57.3333
cmqafvt8n000hujq0ghym5uvz,cmqafvt7o000fujq0u9zjefn2,cmn8ccd4y003g16qzskcf306l,,2000,g,3.16
cmqafvt8n000kujq0f6e63bjy,cmqafvt7o000fujq0u9zjefn2,cmn8ccf5100gi16qznfqr3pit,,270,g,0.3924
cmna3kpuk00ba15pijwfayp1s,cmn8ccfej00j516qzlol5uyc0,cmn8ccf6s00gz16qzm0dlc3ed,,1320,g,21.12
cmna3kqm800jz15pi9ugyn4ly,cmn8ccfe000iw16qzgv7ml8w4,cmn8ccd5g003i16qzk6nj0wf8,,450,g,0.7938
cmna3kq4c00em15pi5p9vs0q4,cmn8ccfig00kj16qzauax8p61,cmn8ccfaw00hs16qzcs2p4o5l,,15,l,52.65
cmna3kpn800a015piio4egv4u,cmn8ccfnb00mb16qz0797wkqq,cmn8cceze00fc16qzjkzlwmey,,300,ml,3.0117
cmna3kpxd00c715pipw0legkf,cmn8ccfi100ke16qz295vk30s,cmn8ccdo6005l16qz70qf22io,,10,kg,201.3
cmna3kp2l005c15pi5u04r459,cmn8ccfl900lj16qz8kpvd20u,cmn8ccf8h00hf16qzp111hwwi,,300,ml,0
cmqafvt8n000lujq0eevn70em,cmqafvt7o000fujq0u9zjefn2,cmqafvs6v0000ujq0w33hafd4,,75,ml,9.2768
cbb90bdae4cdd4fdc8378cc6f968309c1,prep_house_granola_01,cmn8ccehl00cc16qzm46h6b28,,500,g,28.75
cmna3kqap00gn15pizgs45tzn,cmn8ccfdd00ip16qze0cjgz4o,cmn8ccdmc005e16qzvbhe41yc,,20,g,0.14
cmna3koco003815pigb7xy0hn,cmn8ccfg000jp16qzdf9401zk,cmn8ccdwm007916qzosd7ljjv,,5,ea,2.4
cmna3kqio00j315pi413zhmh0,cmn8ccflr00lr16qzsh8vckiz,cmn8ccek500ct16qzhgozqp9c,,15,kg,61.5
cmna3kq3z00eh15piqwkel1c9,cmn8ccfo800mr16qzpm1tdgg0,cmn8ccf5z00gs16qztcga010g,,150,ml,13.494
cmna3knyw001o15pigxv8706c,cmn8ccfmp00m316qz5hoc2omb,cmn8ccf3400g616qzc5i2k5g2,,15,g,0.0139
cmna3knnf000n15pi8enuyf06,cmn8ccfcg00id16qztd8o8clr,cmn8ccez300fa16qz1mdo57w2,,50,g,0.5595
cmna3kqc100h615pinqi2u69r,cmn8ccfo300mo16qzweiout7g,cmn8ccdou005s16qz3bn8wgoe,,6,g,0.0714
cmqaid2jj0008l5q084b5lfyn,cmqaid2ik0005l5q04fwyeno3,cmn8cccl2001o16qzmqxzk1q0,,50,g,3.1923
cmqaid2jj0009l5q0gsbe71ed,cmqaid2ik0005l5q04fwyeno3,cmn8cceb200ax16qzyoeb56yv,,100,ml,0.71
cmna3kq0k00dd15pii6s0du34,cmn8ccfds00iu16qzdjyiyelo,,cmn8ccfdo00it16qzv8u178ec,150,g,0.4918
cmna3kpbg007m15piqjw7t18w,cmn8ccfel00j616qzfigqedxr,cmn8ccdhd004l16qz1wb6lr82,,5,g,0.1096
cmna3kqr200m315pi6zn7ye0u,cmn8ccfkv00la16qzw58kp21n,cmn8ccdhu004n16qzr0knftob,,250,g,7.6408
cmna3kp9p007115pi98glmh94,cmn8ccfl700li16qze6ijvoax,cmn8ccd5g003i16qzk6nj0wf8,,12.7,kg,22.4028
cmna3kq4900el15pi89lnri51,cmn8ccfig00kj16qzauax8p61,cmn8ccd5g003i16qzk6nj0wf8,,12.7,kg,22.4028
cmna3kqo200kw15pi64mev6r8,cmn8ccfj600kn16qzoik02wm6,cmn8ccd5g003i16qzk6nj0wf8,,405,g,0.7144
cmna3kqgv00ij15pipc99onwl,cmn8ccfi700kg16qzw44ns2xf,cmn8ccc95000v16qz4ji0434g,,66,g,0.3561
cmna3kpz300cs15pi4dgs62lp,cmn8ccfk700l016qzgzxu14va,cmn8ccdwm007916qzosd7ljjv,,2,ea,0.96
cmqaid2jj000al5q07uaiw0j1,cmqaid2ik0005l5q04fwyeno3,cmn8ccebi00b116qzgsr52n6x,,1,kg,2.1023
cmqaid2jj000bl5q0wwutgpvj,cmqaid2ik0005l5q04fwyeno3,cmn8cccxs002u16qzw5hx9l2f,,250,g,0.6712
cmqaid2jj000cl5q0vwfhv7vm,cmqaid2ik0005l5q04fwyeno3,cmn8ccf3400g616qzc5i2k5g2,,50,g,0.0463
cmqaid2jj000dl5q0txah8qwq,cmqaid2ik0005l5q04fwyeno3,cmn8ccegi00c116qz958nheka,,10,g,0.378
cmqaid2jj0006l5q0xe5f1pk6,cmqaid2ik0005l5q04fwyeno3,cmqaid2070000l5q0px85u8r4,,7500,g,64.47
cmna3kq2200dw15pi5xjr4uan,cmn8ccfg400jr16qzy3ti2slo,cmn8ccd5g003i16qzk6nj0wf8,,3.33,g,0.0059
cmna3kqn500kf15piep3xscot,cmn8ccffh00jg16qz4j6fuwav,cmn8ccf6s00gz16qzm0dlc3ed,,1500,g,24
cmqaftpzf0005raq0h3v1bjzu,cmqaftpye0000raq07zs36v7m,cmn8cce7l009x16qz90yjvb3g,,20,ml,0.492
cmqaftpzf0006raq0hseu1vo0,cmqaftpye0000raq07zs36v7m,cmn8ccf3400g616qzc5i2k5g2,,3,g,0.0028
cmimpc1cdb7f7505475b96be,cmimp0019d2eb389620008,,cmn8ccff400jd16qz06ibgy2f,150,g,1.1455
cmimp5f95f7ca5b337f51ca8,cmimp0019d2eb389620008,cmn8cceua00eo16qzjx32sq2r,,6,ea,0.117
cb339e7ea945645e1a6abd9177307a845,prep_house_granola_01,ing_apple_puree_riviana_01,,1566,g,9.2185
cmqaj564p000149q0ojdprh0x,cmqaj563r000049q0pb68uhfs,cmn8ccfbe00i016qz968i927v,,100,g,0.2
cmqaj564p000249q0ieuqchxb,cmqaj563r000049q0pb68uhfs,cmn8ccdl6005716qzqbvemxxu,,5,g,0.2
cmqaj564p000349q0zpmh1j6x,cmqaj563r000049q0pb68uhfs,cmn8cce8l00a816qzkxgglmi8,,5,g,0.1857
cmqaj564p000449q0glafxz0s,cmqaj563r000049q0pb68uhfs,cmn8ccep300ds16qzz6v1hdst,,15,g,0.23
cmqaj564p000549q0wnqwtl1r,cmqaj563r000049q0pb68uhfs,,cmn8ccfjf00kq16qzldg6xe79,30,g,0.2256
cmna3kq6z00fg15pi0h84w8rw,cmn8ccffs00jl16qzp7ordld9,cmn8ccdy4007o16qzn3sdkfyl,,11500,g,166.29
cmna3kodm003d15pi9vg9m7zh,cmn8ccfkb00l216qzzw9ubpkv,cmn8ccdh1004k16qzk2z4pxti,,300,g,10.788
cmqajoszf0004zjq0ak76q837,cmqajosyg0003zjq0drxx01cm,cmn8ccfan00ho16qzfo96iptu,,150,g,0.672
cmqajoszf0005zjq0bbf9v553,cmqajosyg0003zjq0drxx01cm,cmn8cceoj00do16qzd1hp5l4r,,190,g,0.8941
cmqajoszf0006zjq0cyyve701,cmqajosyg0003zjq0drxx01cm,cmqajosoh0000zjq0uu7xqa15,,9,g,0.234
cmqajoszf0007zjq0ovirwtrc,cmqajosyg0003zjq0drxx01cm,cmn8cceze00fc16qzjkzlwmey,,100,g,1.0039
cmqajoszf0008zjq0g46q6m8r,cmqajosyg0003zjq0drxx01cm,cmn8cce7l009x16qz90yjvb3g,,175,g,4.305
cmqajoszf0009zjq0hqjtmckf,cmqajosyg0003zjq0drxx01cm,cmqajoss20001zjq08elvz997,,185,g,0.6919
cmqaftpzf0007raq0cp3o0cyf,cmqaftpye0000raq07zs36v7m,cmn8cccrt002916qz50nmrlz0,,2,g,0.041
cmqaftpzf0001raq02rajubdg,cmqaftpye0000raq07zs36v7m,cmn8ccf6w00h016qz8qfgiufq,,200,g,2.36
cmqaftpzf0002raq02pi2g0g0,cmqaftpye0000raq07zs36v7m,cmn8cceqk00e216qz31hpan3x,,12.5,g,1.6964
cmqaftpzf0003raq0qnwq38l9,cmqaftpye0000raq07zs36v7m,cmn8ccc95000v16qz4ji0434g,,60,ml,0.3237
cmqaftpzf0004raq01w0tywv0,cmqaftpye0000raq07zs36v7m,cmn8ccdq1006016qzoj9vs8l7,,20,g,0.199
pi_gt_02,prep_gt_01,ing_fever_tree_tonic,,200,ml,1.67
pi_spr_02,prep_spritz_01,ing_prosecco_debortoli,,90,ml,1.5768
pi_sps_01,prep_spritz_sm_01,ing_aperol,,40,ml,1.5354
pi_tbm_07,cmn8ccfo700mq16qzviutbd69,cmn8ccf7z00hc16qzyr8dkvn6,,4.95,ml,0.1188
pi_tbm_08,cmn8ccfo700mq16qzviutbd69,,cmn8ccfmh00m016qzmgo4251i,3.3,g,0.0332
pi_sf_03,new_steak_frites_01,,cmn8ccfeh00j416qzpyx4ce6f,20,g,0.5909
pi_sf_04,new_steak_frites_01,cmn8cccna001v16qzmqwkmj18,,165,g,9.1667
pi_tbm_09,cmn8ccfo700mq16qzviutbd69,cmn8cce8100a216qzcep426ir,,0.033,punnet,0.1089
pi_phf_05,new_pea_halloumi_01,cmn8ccdq8006116qzvngx3xw3,,250,g,10.625
pi_tm_02,cmn8ccfo000mn16qz9s091ymj,cmn8ccekh00cu16qzh951pv4l,,2,kg,12.84
pi_phf_03,new_pea_halloumi_01,cmn8ccf0g00fk16qznvs8a17l,,40,ea,9.4
pi_phf_06,new_pea_halloumi_01,cmn8cceb800az16qz36j5prxg,,600,ml,7.392
pi_phf_07,new_pea_halloumi_01,cmn8cce04008116qz3bmhvcgx,,1,kg,19.9
pi_phf_08,new_pea_halloumi_01,cmn8ccdpn005y16qzq11v1l6r,,600,g,5.37
pi_phf_09,new_pea_halloumi_01,cmn8ccchy001h16qzd99l3yk2,,1.5,kg,0.9
pi_sbm_07,cmn8ccfmc00ly16qzprqhxwjc,cmn8cccrt002916qz50nmrlz0,,0.33,g,0.0068
pi_sbm_08,cmn8ccfmc00ly16qzprqhxwjc,cmn8ccdq8006116qzvngx3xw3,,0.0066,bunch,0.0224
pi_sbm_01,cmn8ccfmc00ly16qzprqhxwjc,cmn8cccgz001f16qzu0k0bce2,,0.33,ea,0.0396
pi_sbm_02,cmn8ccfmc00ly16qzprqhxwjc,cmn8ccexd00f216qzlr01hvnx,,39.6,g,1.3496
pi_sbm_03,cmn8ccfmc00ly16qzprqhxwjc,cmn8ccdqh006216qzcwlqv2tn,,3.3,g,0.0528
pi_sbm_04,cmn8ccfmc00ly16qzprqhxwjc,,cmn8ccfmh00m016qzmgo4251i,3.3,g,0.0332
pi_sbm_05,cmn8ccfmc00ly16qzprqhxwjc,cmn8ccccg001316qze4vtqjyl,,3.3,g,0.0298
pi_phf_10,new_pea_halloumi_01,cmn8cccir001j16qzey7j13m7,,50,g,0.355
pi_phf_11,new_pea_halloumi_01,cmn8ccf3400g616qzc5i2k5g2,,150,g,0.1389
pi_marg_04,new_margarita_01,cmn8ccc3w000i16qzeotft8dp,,10,ml,0.96
pi_phcs_01,new_phc_single_01,,cmn8ccfkv00la16qzw58kp21n,100,g,1.6232
pi_tbm_01,cmn8ccfo700mq16qzviutbd69,cmn8cccgz001f16qzu0k0bce2,,0.33,ea,0.0396
pi_tbm_03,cmn8ccfo700mq16qzviutbd69,cmn8ccf5e00gm16qzxinaxdvg,,33,g,0.462
pi_tbm_02,cmn8ccfo700mq16qzviutbd69,cmn8ccdo6005l16qz70qf22io,,26.4,g,0.5314
pi_tbm_04,cmn8ccfo700mq16qzviutbd69,cmn8cccrt002916qz50nmrlz0,,0.33,g,0.0068
pi_tbm_05,cmn8ccfo700mq16qzviutbd69,cmn8ccetb00eh16qzqxtgd887,,0.33,g,0.0038
pi_psr_07,new_pork_sausroll_01,cmn8ccc95000v16qz4ji0434g,,140,ml,0.7553
pi_cce_02,new_choc_cookie_each_01,cmn8ccdhd004l16qz1wb6lr82,,15,g,0.3289
pi_tm_01,cmn8ccfo000mn16qz9s091ymj,cmn8ccetm00ek16qz3hnlsj6p,,4,kg,2.9376
pi_psr_09,new_pork_sausroll_01,cmn8cccrt002916qz50nmrlz0,,7,g,0.1434
pi_psr_10,new_pork_sausroll_01,cmn8ccf3400g616qzc5i2k5g2,,75,g,0.0694
pi_psr_11,new_pork_sausroll_01,cmn8ccee000bg16qz1i4qeih1,,700,g,3.2683
pi_psr_12,new_pork_sausroll_01,cmn8cceh200c716qzt5ewkgwu,,2500,g,9.3182
pi_psr_02,new_pork_sausroll_01,cmn8ccebi00b116qzgsr52n6x,,2000,g,4.2045
pi_psr_01,new_pork_sausroll_01,cmn8cceb200ax16qzyoeb56yv,,50,ml,0.355
pi_psr_03,new_pork_sausroll_01,cmn8ccdw7007616qzawph4ea6,,100,g,0.6885
pi_psr_04,new_pork_sausroll_01,cmn8cceix00co16qz46n8lqt6,,5000,g,74.5
pi_psr_05,new_pork_sausroll_01,cmn8ccehl00cc16qzm46h6b28,,600,g,34.5
pi_marg_01,new_margarita_01,cmn8ccf3v00gc16qzns3fhwij,,45,ml,3.2394
pi_marg_02,new_margarita_01,cmn8ccf5r00gq16qz2mm3ul2h,,15,ml,0.6423
pi_sf_01,new_steak_frites_01,,cmn8ccfgr00k116qzcde38a3o,80,ml,0.819
pi_gt_01,prep_gt_01,ing_papa_salt_gin,,30,ml,2.4
pi_sps_02,prep_spritz_sm_01,ing_prosecco_debortoli,,60,ml,1.0512
pi_cce_01,new_choc_cookie_each_01,,cmn8ccfej00j516qzlol5uyc0,1,ea,1.4957
pi_tm_03,cmn8ccfo000mn16qz9s091ymj,cmn8ccehw00ce16qzyq9c03w1,,2,kg,1.4256
pi_spr_01,prep_spritz_01,ing_aperol,,90,ml,3.4547
pi_marg_03,new_margarita_01,cmn8cce6b009j16qzg2s1w0j3,,30,ml,0.3183
pi_sbm_06,cmn8ccfmc00ly16qzprqhxwjc,cmn8ccdo6005l16qz70qf22io,,19.8,g,0.3986
pi_phf_12,new_pea_halloumi_01,cmn8cccrt002916qz50nmrlz0,,20,g,0.4098
pi_tbm_06,cmn8ccfo700mq16qzviutbd69,cmn8ccebc00b016qzfjhnozmw,,0.66,g,0.0037
pi_phcs_02,new_phc_single_01,,cmn8ccfjy00kw16qz0h7u4ea8,1,ea,0.2859
cmq4p1yd900020vq0ffta8t3g,cmq4p1yc900000vq0amcxottq,cmn8ccf6s00gz16qzm0dlc3ed,,2000,g,32
pi_pro_01,prep_prosecco_01,ing_prosecco_debortoli,,120,ml,2.1024
pi_psr_06,new_pork_sausroll_01,cmn8ccfb600hx16qz8ueeakld,,500,g,4.975
cmna3kpjl008s15pid1y4zku2,cmn8ccffk00jh16qz0dwaxpxx,cmn8ccdl6005716qzqbvemxxu,,45,g,1.8
pi_pico_01,cmn8ccfld00ll16qzuvc4q19e,cmn8ccebm00b216qz8sp7y9ri,,375,g,1.4318
pi_msm_05,cmn8ccfk500kz16qzyptwys2d,cmn8ccfan00ho16qzfo96iptu,,220,g,0.9856
pi_msm_01,cmn8ccfk500kz16qzyptwys2d,cmn8ccdnx005k16qz2c9ifcch,,975,ml,6.8055
pi_msm_02,cmn8ccfk500kz16qzyptwys2d,cmn8ccdoi005o16qz5x9431ny,,650,g,12.987
pi_msm_03,cmn8ccfk500kz16qzyptwys2d,cmn8ccf3400g616qzc5i2k5g2,,25,g,0.0231
cmna3kpf2008015pi75zbuuwa,cmn8ccfhy00kd16qzbtn5rxja,cmn8ccdq8006116qzvngx3xw3,,30,g,1.275
pi_pico_03,cmn8ccfld00ll16qzuvc4q19e,cmn8ccf5500gj16qzpi1cp5rl,,300,g,2.15
avop_item_1,cmn8ccfcr00ih16qzhfxo2es6,cmn8cccbm001116qzsn6xqsq2,,54,ea,142.8571
cmna3kplo009d15pij5xpwxy9,cmn8ccfnh00me16qz0k2xdea9,cmn8ccct1002e16qznfr3c3cv,,70,g,3.08
pi_ct_05,cmn8ccffe00jf16qz1y3rxw9j,cmn8ccf3y00gd16qz8efaje47,,1,ea,6.8
pi_ct_04,cmn8ccffe00jf16qz1y3rxw9j,cmn8cccrt002916qz50nmrlz0,,15,g,0.3074
cmna3kp3g005p15pivh0qu9xb,cmn8ccfgf00jx16qz11yjlu6a,cmn8ccehw00ce16qzyq9c03w1,,720,g,0.5132
pi_ct_06,cmn8ccffe00jf16qz1y3rxw9j,cmn8cceb800az16qz36j5prxg,,5,l,61.6
pi_ct_01,cmn8ccffe00jf16qz1y3rxw9j,cmn8ccf5e00gm16qzxinaxdvg,,3500,g,49
pi_lemon_03,prep_lemonade_01,cmn8ccctg002g16qz3mns6yns,,30,g,2.724
pi_lemon_05,prep_lemonade_01,cmn8cccxs002u16qzw5hx9l2f,,525,g,1.4095
pi_ct_02,cmn8ccffe00jf16qz1y3rxw9j,cmn8ccdw7007616qzawph4ea6,,150,g,1.0328
avop_item_2,cmn8ccfcr00ih16qzhfxo2es6,cmn8ccfas00hq16qza546j0xj,,8,g,0.1488
pi_trp_01,prep_toasted_rice_01,cmn8cceoc00dm16qzztj5ctzh,,1000,g,3.14
cmna3kp3h005q15piwsrlj9cw,cmn8ccfgf00jx16qz11yjlu6a,cmn8ccctg002g16qz3mns6yns,,30,g,2.724
pi_icedtea_01,prep_iced_tea_01,ing_ebt_tea_01,,125,g,6.0833
pi_icedtea_05,prep_iced_tea_01,,cmn8ccfn300m816qz4c1faszv,700,ml,2.198
pi_icedtea_02,prep_iced_tea_01,cmn8ccf8h00hf16qzp111hwwi,,9.5,l,0
pi_icedtea_03,prep_iced_tea_01,cmn8cce48009516qz3g94a1yo,,1,ea,2.5111
pi_lemon_06,prep_lemonade_01,cmn8ccf8h00hf16qzp111hwwi,,4.3,l,0
cmna3kq0900da15pizw37kff7,cmn8ccfd600in16qzcb79y5vv,cmn8ccf3y00gd16qz8efaje47,,72,g,9.792
pi_lemon_02,prep_lemonade_01,cmn8cce48009516qz3g94a1yo,,2,ea,5.0222
pi_lemon_01,prep_lemonade_01,cmn8cce4l009816qziv1pk29j,,3000,ml,29.1
pi_marg_05,new_margarita_01,ing_garnish_marg_01,,1,ea,0.4
cmq4p1yd900040vq05wepqy9g,cmq4p1yc900000vq0amcxottq,cmn8ccdwm007916qzosd7ljjv,,2000,g,16
pi_lemon_04,prep_lemonade_01,cmn8ccd5g003i16qzk6nj0wf8,,750,g,1.323
cmna3kq2h00dz15pi6rnv2vy4,cmn8ccfg900ju16qzrh8n9cyt,,cmn8ccfgf00jx16qz11yjlu6a,35,ml,0.1651
cmna3kpjk008r15pij9tmaeon,cmn8ccffk00jh16qz0dwaxpxx,cmn8ccdq8006116qzvngx3xw3,,45,g,1.9125
cmna3kqpz00lp15pinliwpotd,cmn8ccfe900j016qznoqfg7ux,,cmn8ccfgt00k216qzddcrirt9,300,g,2.0446
cmna3kpf6008115piyanvcu2k,cmn8ccfhy00kd16qzbtn5rxja,cmn8cce8l00a816qzkxgglmi8,,20,g,0.7429
pi_sf_02,new_steak_frites_01,,,150,g,0
pi_msm_04,cmn8ccfk500kz16qzyptwys2d,cmn8ccfas00hq16qza546j0xj,,15,g,0.279
cmna3kq9g00g315pi7rgn121l,cmn8ccfdh00ir16qz9nm0bbzc,cmn8cce5e009e16qzm8ndj9g1,,2,ea,5.9
pi_chimi_bought_01,cmn8ccfeh00j416qzpyx4ce6f,ing_chimi_bought_01,,2200,g,65
cmna3kq1c00dn15pib3ydmgsb,cmn8ccfl300lf16qzb00syh89,,cmn8ccfgt00k216qzddcrirt9,400,g,2.7261
cmna3kqps00ln15piz9tkd9ql,cmn8ccfmz00m616qzvbzoetl0,cmn8ccdlb005816qzpmozxk83,,60,g,0.768
cmna3kq2s00e115pino6fw7xr,cmn8ccfnt00mj16qz1rw2lki2,,cmn8ccfgf00jx16qz11yjlu6a,150,ml,0.7075
pi_cor_01,prep_corona_01,ing_corona,,355,ml,3.18
cmna3kpli009c15pikdc6bgsx,cmn8ccfnh00me16qz0k2xdea9,,cmn8ccfgf00jx16qz11yjlu6a,140,ml,0.6603
pi_ct_03,cmn8ccffe00jf16qz1y3rxw9j,cmn8ccf3400g616qzc5i2k5g2,,135,g,0.125
pi_phf_04,new_pea_halloumi_01,cmn8ccdu7006s16qznmtbwssr,,2.5,bunch,8.8889
pi_glaze_01,prep_fruit_glaze_01,ing_flan_gel_01,,6000,g,69.19
pi_per_01,prep_peroni_01,ing_peroni,,330,ml,2.27
pi_pico_02,cmn8ccfld00ll16qzuvc4q19e,cmn8ccdl6005716qzqbvemxxu,,1,bunch,4
pi_sw_01,prep_sw_01,ing_stone_wood,,330,ml,3.45
pi_gn_01,prep_gn_01,ing_great_northern,,330,ml,2.09
cmna3kqmt00k815piw9knua60,cmn8ccfkh00l416qz8ujk8rfo,cmn8cceqk00e216qz31hpan3x,,30,g,4.0714
pi_icedtea_04,prep_iced_tea_01,cmn8cce4l009816qziv1pk29j,,200,ml,1.94
pi_psr_08,new_pork_sausroll_01,cmn8ccdu7006s16qznmtbwssr,,40,g,1.7778
avop_item_3,cmn8ccfcr00ih16qzhfxo2es6,cmn8ccf3400g616qzc5i2k5g2,,15,g,0.0139
cmna3kqpb00le15pipjbykw7g,cmn8ccfnq00mi16qztbs5b6ue,,cmn8ccfgf00jx16qz11yjlu6a,140,ml,0.6603
cmo3kgr8w000401qvpm3xd64z,cmo3kgr7p000101qvbzpu36lv,cmn8ccd5g003i16qzk6nj0wf8,,1000,g,1.764
cmo5arcnt000301qtr485fui9,cmo5arcmb000101qtxbzn9l3l,cmn8ccf6s00gz16qzm0dlc3ed,,1320,g,21.12
cmo3kgr8w000901qvmqz5somz,cmo3kgr7p000101qvbzpu36lv,cmn8cccr0002616qz7wr4qy4j,,30,g,0.252
cmo5arcnt000b01qta4h5f9c1,cmo5arcmb000101qtxbzn9l3l,cmn8ccdhu004n16qzr0knftob,,1275,g,38.9678
cmo5bnmk7000o01qtm4mxfitt,cmo5bnmjv000k01qte0m3k4wv,cmn8ccdnx005k16qz2c9ifcch,,2200,ml,15.356
cmo5arcnt000801qtujzlpc4y,cmo5arcmb000101qtxbzn9l3l,cmn8cccr0002616qz7wr4qy4j,,30,g,0.252
cmo5arcnt000501qt1fden63a,cmo5arcmb000101qtxbzn9l3l,cmn8ccf7000h116qzzkon5bb1,,95,g,4.1741
cmo5arcnt000a01qtxugayko3,cmo5arcmb000101qtxbzn9l3l,cmn8ccf3400g616qzc5i2k5g2,,45,g,0.0417
cmo5arcnt000601qthbcjjvmu,cmo5arcmb000101qtxbzn9l3l,cmn8ccdwm007916qzosd7ljjv,,12,ea,5.76
cmo5bnmk7000l01qty8iqmve3,cmo5bnmjv000k01qte0m3k4wv,cmn8ccd5g003i16qzk6nj0wf8,,4000,g,7.056
cmo5bnmk7000q01qt43sr0tga,cmo5bnmjv000k01qte0m3k4wv,cmn8ccetf00ei16qzsocqx65i,,20,g,0.5614
cmo2ameka000401n5pzhj8jg1,cmn8ccfk100kx16qzhd30scvq,cmn8ccf0s00fm16qzrdsfv724,,24.8,g,0.3284
cmq4p1yj4000d0vq0bys2kjp0,cmq4p1yia00060vq0zblmf5od,cmn8ccdim004u16qz7zw2m3kp,,174,g,4.7589
cmo3kgr8w000501qvv6w0qplw,cmo3kgr7p000101qvbzpu36lv,cmn8ccdp5005v16qz9yikufaz,,240,g,5.4
cmo2amek8000101n5dgjdyp7i,cmn8ccfk100kx16qzhd30scvq,cmn8ccf3400g616qzc5i2k5g2,,4,g,0.0037
cmo5bnmk7000m01qtzqw9tt6x,cmo5bnmjv000k01qte0m3k4wv,cmn8ccf8h00hf16qzp111hwwi,,1000,ml,0
cmo3psamn000b01qvx2lx3ggr,cmo3psal7000a01qvnuajtnlx,cmn8ccd5g003i16qzk6nj0wf8,,600,g,1.0584
cmo5arcnt000401qtmppzgg3q,cmo5arcmb000101qtxbzn9l3l,cmn8ccd5g003i16qzk6nj0wf8,,900,g,1.5876
cmo2ameka000501n5saa9g518,cmn8ccfk100kx16qzhd30scvq,cmn8ccdry006a16qzd812bt6x,,6.4,ea,1.28
cmo5bnmk7000n01qtj4i6qpdc,cmo5bnmjv000k01qte0m3k4wv,cmn8ccdxg007i16qz2uy4hc3i,,42,ml,0.3982
cmo5arcnt000901qtqobeqghz,cmo5arcmb000101qtxbzn9l3l,cmn8cccir001j16qzey7j13m7,,30,g,0.213
cmo3psamn000c01qvgjud55lm,cmo3psal7000a01qvnuajtnlx,cmn8ccczy003016qzul0og9hz,,900,g,10.62
cmo5arcnt000c01qth604ufwj,cmo5arcmb000101qtxbzn9l3l,cmn8ccdhd004l16qz1wb6lr82,,1275,g,27.9544
cmo5arcnt000701qte8yz2izy,cmo5arcmb000101qtxbzn9l3l,cmn8ccehw00ce16qzyq9c03w1,,1980,g,1.4113
cmo5arcnt000d01qthnpg958p,cmo5arcmb000101qtxbzn9l3l,cmn8ccehl00cc16qzm46h6b28,,750,g,43.125
cmo3kgr8r000201qv3id4a0dd,cmo3kgr7p000101qvbzpu36lv,cmn8ccepf00dt16qzt1akg2l5,,520,g,2.1684
cmo3kgr8w000801qv1ps4095c,cmo3kgr7p000101qvbzpu36lv,cmo3jnmrj000001qvwezmz9t2,,250,g,1.4075
cmo3kgr8w000601qvcficicpd,cmo3kgr7p000101qvbzpu36lv,cmn8ccdj4004y16qzbmaepa51,,240,g,2.8296
cmo3kgr8s000301qv87asrnro,cmo3kgr7p000101qvbzpu36lv,cmn8ccehw00ce16qzyq9c03w1,,625,g,0.4455
cmo3psamo000d01qvmbr8g3xs,cmo3psal7000a01qvnuajtnlx,cmo3jnmrj000001qvwezmz9t2,,300,g,1.689
cmq4p1yj400080vq01bw8kmzb,cmq4p1yia00060vq0zblmf5od,cmn8cccxs002u16qzw5hx9l2f,,1026,g,2.7545
cmo2amek7000001n52mmn533w,cmn8ccfk100kx16qzhd30scvq,cmn8ccdwy007d16qz6wgbu2x1,,736,g,11.4021
cmq4p1yj4000e0vq0jatflpjw,cmq4p1yia00060vq0zblmf5od,cmn8cccr0002616qz7wr4qy4j,,25.8,g,0.2167
cmq4p1yj4000b0vq09ssy831b,cmq4p1yia00060vq0zblmf5od,cmn8ccdwm007916qzosd7ljjv,,10,ea,4.8
cmq4p1yj4000a0vq02pdmim6n,cmq4p1yia00060vq0zblmf5od,cmn8ccf7000h116qzzkon5bb1,,84,g,3.6908
cmo2ameka000701n539hpakf3,cmn8ccfk100kx16qzhd30scvq,cmn8ccf8h00hf16qzp111hwwi,,72,ml,0
cmo2ameka000301n5xoz0mlvs,cmn8ccfk100kx16qzhd30scvq,cmn8ccfaw00hs16qzcs2p4o5l,,24,ml,0.0842
cmo2ameka000601n54mfe6xne,cmn8ccfk100kx16qzhd30scvq,cmn8ccfan00ho16qzfo96iptu,,80,g,0.3584
avop_item_4,cmn8ccfcr00ih16qzhfxo2es6,cmn8cce4r009916qz44vriunw,,30,ml,0.1412
cmq4p1yj4000f0vq0bm3e6lbj,cmq4p1yia00060vq0zblmf5od,cmn8cccir001j16qzey7j13m7,,25.8,g,0.1832
cmq4p1yj4000g0vq0bgakoykq,cmq4p1yia00060vq0zblmf5od,cmn8ccf3400g616qzc5i2k5g2,,38.4,g,0.0355
cmq4p1yj400090vq0iczirf8a,cmq4p1yia00060vq0zblmf5od,cmn8ccd5g003i16qzk6nj0wf8,,774,g,1.3653
cmq4p1yj400070vq0gandrdnr,cmq4p1yia00060vq0zblmf5od,cmn8ccf6s00gz16qzm0dlc3ed,,1134,g,18.144
cmo2ameka000801n5zwqrr01c,cmn8ccfk100kx16qzhd30scvq,cmn8cce4l009816qziv1pk29j,,8,ml,0.0776
cmo5arcnt000201qtaa7bu48u,cmo5arcmb000101qtxbzn9l3l,cmn8cccxs002u16qzw5hx9l2f,,1200,g,3.2216
pi_msm_06,cmn8ccfk500kz16qzyptwys2d,cmn8ccdwm007916qzosd7ljjv,,15,dozen,86.4
cmo3kgr8w000701qvq05xhvla,cmo3kgr7p000101qvbzpu36lv,cmn8ccczy003016qzul0og9hz,,750,g,8.85
cmo5bnmk7000p01qt9cs83qbw,cmo5bnmjv000k01qte0m3k4wv,cmn8ccf6s00gz16qzm0dlc3ed,,700,g,11.2
cmncm1e7f000301nnsbqsrrdy,cmncm1e76000201nniwng4txm,cmn8cccmw001t16qz8syvvooc,,6263,g,370.0864
cmna3kp3e005o15pim7cjpqix,cmn8ccfgf00jx16qz11yjlu6a,cmn8ccdwm007916qzosd7ljjv,,24,ea,11.52
cmq4p1yj4000c0vq0js4mebat,cmq4p1yia00060vq0zblmf5od,cmn8ccehw00ce16qzyq9c03w1,,1524,g,1.0863
cmo3psamo000e01qvpmc4zymo,cmo3psal7000a01qvnuajtnlx,cmn8ccdrs006916qzilonqgrw,,10,ea,2.8
